season,player,season_runs,season_balls,season_sr,streak_runs,streak_balls,streak_sr,sr_delta
2008,A Chopra,42,52,80.76923076923077,38,44,86.36363636363636,5.594405594405586
2008,A Mishra,37,42,88.09523809523809,37,42,88.09523809523809,0.0
2008,AB Agarkar,54,46,117.3913043478261,49,44,111.36363636363636,-6.027667984189733
2008,AB de Villiers,95,98,96.93877551020408,95,98,96.93877551020408,0.0
2008,AM Nayar,206,138,149.27536231884056,91,63,144.44444444444443,-4.830917874396135
2008,BB McCullum,188,92,204.34782608695653,188,92,204.34782608695653,0.0
2008,DB Das,103,94,109.57446808510637,72,73,98.63013698630137,-10.944331098805009
2008,DJ Bravo,178,134,132.8358208955224,30,17,176.47058823529412,43.63476733977171
2008,DJ Hussey,319,259,123.16602316602317,270,221,122.17194570135747,-0.9940774646656934
2008,DJ Thornely,39,53,73.58490566037736,8,18,44.44444444444444,-29.140461215932916
2008,DPMD Jayawardene,179,131,136.64122137404578,167,124,134.6774193548387,-1.963802019207094
2008,DR Smith,45,40,112.5,45,40,112.5,0.0
2008,G Gambhir,534,379,140.89709762532982,534,379,140.89709762532982,0.0
2008,GC Smith,441,362,121.82320441988949,441,362,121.82320441988949,0.0
2008,IK Pathan,131,116,112.93103448275863,125,113,110.61946902654867,-2.311565456209962
2008,JA Morkel,241,163,147.8527607361963,241,163,147.8527607361963,0.0
2008,JH Kallis,199,183,108.74316939890711,44,41,107.31707317073172,-1.4260962281753962
2008,JR Hopes,221,148,149.32432432432432,221,148,149.32432432432432,0.0
2008,K Goel,76,78,97.43589743589743,58,57,101.75438596491229,4.318488529014857
2008,KC Sangakkara,320,198,161.6161616161616,226,142,159.1549295774648,-2.4612320386968065
2008,KD Karthik,145,107,135.5140186915888,145,107,135.5140186915888,0.0
2008,Kamran Akmal,128,78,164.1025641025641,128,78,164.1025641025641,0.0
2008,LA Pomersbach,152,99,153.53535353535352,152,99,153.53535353535352,0.0
2008,LR Shukla,163,122,133.60655737704917,132,99,133.33333333333331,-0.2732240437158566
2008,LRPL Taylor,149,81,183.9506172839506,67,32,209.375,25.424382716049394
2008,M Kaif,176,171,102.92397660818713,176,171,102.92397660818713,0.0
2008,M Rawat,34,39,87.17948717948718,34,39,87.17948717948718,0.0
2008,MEK Hussey,168,100,168.0,168,100,168.0,0.0
2008,MF Maharoof,125,79,158.22784810126583,125,79,158.22784810126583,0.0
2008,MK Tiwary,104,85,122.3529411764706,104,85,122.3529411764706,0.0
2008,ML Hayden,189,131,144.27480916030535,189,131,144.27480916030535,0.0
2008,MS Dhoni,414,310,133.54838709677418,414,310,133.54838709677418,0.0
2008,MV Boucher,225,177,127.11864406779661,50,38,131.57894736842107,4.46030330062446
2008,Mohammad Hafeez,64,83,77.10843373493977,60,75,80.0,2.8915662650602343
2008,NK Patel,103,81,127.16049382716051,103,81,127.16049382716051,0.0
2008,P Kumar,112,98,114.28571428571428,52,45,115.55555555555554,1.2698412698412653
2008,PA Patel,302,297,101.68350168350169,302,297,101.68350168350169,0.0
2008,PP Chawla,90,59,152.54237288135593,90,58,155.17241379310346,2.6300409117475283
2008,R Dravid,371,298,124.496644295302,34,37,91.8918918918919,-32.6047524034101
2008,RA Jadeja,135,103,131.06796116504856,135,103,131.06796116504856,0.0
2008,RR Sarwan,73,75,97.33333333333334,66,66,100.0,2.666666666666657
2008,RT Ponting,39,53,73.58490566037736,39,53,73.58490566037736,0.0
2008,RV Uthappa,320,279,114.6953405017921,84,76,110.5263157894737,-4.169024712318404
2008,S Badrinath,192,130,147.6923076923077,192,130,147.6923076923077,0.0
2008,S Chanderpaul,25,31,80.64516129032258,18,20,90.0,9.354838709677423
2008,S Dhawan,340,295,115.2542372881356,340,295,115.2542372881356,0.0
2008,S Vidyut,145,109,133.0275229357798,145,109,133.0275229357798,0.0
2008,SA Asnodkar,311,233,133.4763948497854,311,233,133.4763948497854,0.0
2008,SC Ganguly,349,307,113.68078175895766,211,198,106.56565656565658,-7.115125193301083
2008,SE Marsh,616,441,139.68253968253967,616,441,139.68253968253967,0.0
2008,SK Raina,421,295,142.71186440677965,421,295,142.71186440677965,0.0
2008,SK Warne,70,59,118.64406779661016,70,59,118.64406779661016,0.0
2008,SM Katich,96,69,139.1304347826087,96,69,139.1304347826087,0.0
2008,SM Pollock,147,111,132.43243243243242,16,17,94.11764705882352,-38.3147853736089
2008,SP Fleming,196,165,118.7878787878788,196,165,118.7878787878788,0.0
2008,SR Tendulkar,188,177,106.21468926553672,176,158,111.39240506329114,5.177715797754416
2008,SR Watson,472,311,151.7684887459807,472,311,151.7684887459807,0.0
2008,ST Jayasuriya,514,309,166.3430420711974,214,143,149.65034965034965,-16.69269242084775
2008,Salman Butt,193,161,119.87577639751552,145,122,118.85245901639345,-1.0233173811220695
2008,Shoaib Malik,52,47,110.63829787234043,52,47,110.63829787234043,0.0
2008,TM Dilshan,104,79,131.64556962025316,104,79,131.64556962025316,0.0
2008,V Kohli,165,157,105.09554140127389,37,33,112.12121212121211,7.025670719938219
2008,V Sehwag,406,220,184.54545454545453,406,220,184.54545454545453,0.0
2008,W Jaffer,115,104,110.57692307692308,6,16,37.5,-73.07692307692308
2008,WP Saha,159,119,133.61344537815125,118,88,134.0909090909091,0.4774637127578387
2008,YK Pathan,435,243,179.01234567901236,435,243,179.01234567901236,0.0
2008,Yuvraj Singh,299,184,162.5,281,175,160.57142857142856,-1.9285714285714448
2008,Z Khan,34,43,79.06976744186046,20,26,76.92307692307693,-2.1466905187835295
2009,A Flintoff,62,53,116.98113207547169,62,53,116.98113207547169,0.0
2009,A Symonds,249,166,150.0,249,166,150.0,0.0
2009,AA Bilakhia,67,81,82.71604938271605,67,81,82.71604938271605,0.0
2009,AB de Villiers,465,355,130.98591549295776,465,355,130.98591549295776,0.0
2009,AC Gilchrist,495,325,152.3076923076923,495,325,152.3076923076923,0.0
2009,AM Nayar,193,152,126.9736842105263,102,71,143.66197183098592,16.68828762045962
2009,AS Raut,78,61,127.86885245901641,20,24,83.33333333333334,-44.53551912568307
2009,B Lee,28,34,82.35294117647058,28,34,82.35294117647058,0.0
2009,BB McCullum,285,239,119.24686192468619,4,15,26.666666666666668,-92.58019525801951
2009,BJ Hodge,365,310,117.74193548387098,29,29,100.0,-17.741935483870975
2009,CH Gayle,171,143,119.58041958041959,53,44,120.45454545454545,0.8741258741258662
2009,DA Warner,163,132,123.48484848484848,163,132,123.48484848484848,0.0
2009,DB Ravi Teja,65,70,92.85714285714286,65,70,92.85714285714286,0.0
2009,DJ Bravo,218,203,107.38916256157636,94,87,108.04597701149426,0.6568144499179027
2009,DL Vettori,34,32,106.25,34,32,106.25,0.0
2009,DPMD Jayawardene,219,165,132.72727272727275,181,139,130.2158273381295,-2.5114453891432618
2009,DR Smith,215,132,162.87878787878788,215,132,162.87878787878788,0.0
2009,G Gambhir,286,278,102.87769784172663,286,278,102.87769784172663,0.0
2009,GC Smith,212,216,98.14814814814815,118,138,85.5072463768116,-12.640901771336559
2009,GJ Bailey,45,39,115.38461538461537,45,39,115.38461538461537,0.0
2009,HH Gibbs,371,331,112.08459214501512,371,331,112.08459214501512,0.0
2009,Harbhajan Singh,84,53,158.49056603773585,54,30,180.0,21.509433962264154
2009,IK Pathan,196,158,124.0506329113924,137,123,111.3821138211382,-12.668519090254193
2009,J Botha,47,40,117.5,39,34,114.70588235294117,-2.794117647058826
2009,JA Morkel,97,70,138.57142857142856,87,65,133.84615384615384,-4.725274725274716
2009,JD Ryder,56,49,114.28571428571428,34,29,117.24137931034481,2.955665024630534
2009,JDP Oram,88,93,94.6236559139785,83,80,103.75000000000001,9.126344086021518
2009,JH Kallis,361,332,108.73493975903614,294,263,111.787072243346,3.0521324843098654
2009,JP Duminy,372,325,114.46153846153845,186,167,111.37724550898203,-3.0842929525564244
2009,K Goel,124,133,93.23308270676691,67,86,77.90697674418605,-15.326105962580854
2009,KC Sangakkara,332,324,102.46913580246914,229,224,102.23214285714286,-0.23699294532627846
2009,KD Karthik,288,217,132.7188940092166,288,217,132.7188940092166,0.0
2009,KP Pietersen,93,85,109.41176470588236,80,73,109.58904109589041,0.1772763900080463
2009,LA Carseldine,81,68,119.11764705882352,26,27,96.29629629629629,-22.82135076252723
2009,LA Pomersbach,41,49,83.6734693877551,32,41,78.04878048780488,-5.624688899950229
2009,LR Shukla,83,85,97.6470588235294,19,23,82.6086956521739,-15.038363171355499
2009,LRPL Taylor,280,208,134.6153846153846,183,159,115.09433962264151,-19.5210449927431
2009,M Manhas,75,62,120.96774193548387,75,62,120.96774193548387,0.0
2009,M Vijay,60,67,89.55223880597015,46,54,85.18518518518519,-4.367053620784958
2009,MK Pandey,168,118,142.3728813559322,166,116,143.10344827586206,0.7305669199298563
2009,ML Hayden,572,395,144.81012658227849,541,374,144.6524064171123,-0.15772016516618237
2009,MS Dhoni,332,261,127.20306513409963,304,235,129.36170212765958,2.158636993559952
2009,MV Boucher,150,116,129.31034482758622,64,60,106.66666666666667,-22.64367816091955
2009,NV Ojha,168,144,116.66666666666667,78,75,104.0,-12.666666666666671
2009,P Kumar,65,46,141.30434782608697,65,46,141.30434782608697,0.0
2009,PA Patel,142,126,112.6984126984127,139,115,120.8695652173913,8.171152518978602
2009,PP Chawla,31,36,86.11111111111111,28,30,93.33333333333333,7.222222222222214
2009,R Dravid,271,234,115.81196581196582,249,210,118.57142857142857,2.7594627594627497
2009,R Vinay Kumar,47,44,106.81818181818181,40,32,125.0,18.181818181818187
2009,RA Jadeja,295,266,110.90225563909775,203,182,111.53846153846155,0.6362058993638016
2009,RE van der Merwe,122,98,124.48979591836735,110,85,129.41176470588235,4.921968787514999
2009,RG Sharma,362,315,114.92063492063491,362,315,114.92063492063491,0.0
2009,RJ Quiney,103,102,100.98039215686273,96,98,97.95918367346938,-3.0212084833933517
2009,RS Bopara,138,119,115.96638655462186,17,29,58.620689655172406,-57.34569689944946
2009,RV Uthappa,175,170,102.94117647058823,164,156,105.12820512820514,2.1870286576169065
2009,S Badrinath,177,164,107.92682926829269,103,103,100.0,-7.926829268292693
2009,S Dhawan,40,45,88.88888888888889,40,45,88.88888888888889,0.0
2009,S Sohal,115,93,123.65591397849462,112,81,138.2716049382716,14.61569095977697
2009,SA Asnodkar,98,93,105.3763440860215,94,84,111.90476190476191,6.528417818740408
2009,SC Ganguly,189,207,91.30434782608695,80,60,133.33333333333331,42.02898550724636
2009,SK Raina,434,308,140.9090909090909,304,232,131.0344827586207,-9.874608150470209
2009,SK Warne,108,116,93.10344827586206,64,59,108.47457627118644,15.371127995324372
2009,SM Katich,145,117,123.93162393162393,125,107,116.82242990654206,-7.109194025081877
2009,SR Tendulkar,364,303,120.13201320132015,209,168,124.40476190476191,4.2727487034417635
2009,ST Jayasuriya,221,192,115.10416666666667,137,112,122.32142857142858,7.217261904761912
2009,TL Suman,237,190,124.73684210526316,237,190,124.73684210526316,0.0
2009,TM Dilshan,418,341,122.58064516129032,418,341,122.58064516129032,0.0
2009,V Kohli,246,219,112.32876712328768,207,185,111.89189189189189,-0.43687523139578843
2009,V Sehwag,198,138,143.47826086956522,198,138,143.47826086956522,0.0
2009,VVS Laxman,19,33,57.57575757575758,19,33,57.57575757575758,0.0
2009,WA Mota,30,48,62.5,30,48,62.5,0.0
2009,Y Venugopal Rao,124,114,108.77192982456141,124,114,108.77192982456141,0.0
2009,YK Pathan,243,183,132.78688524590163,145,112,129.46428571428572,-3.322599531615907
2009,Yashpal Singh,47,66,71.21212121212122,28,26,107.6923076923077,36.480186480186475
2009,Yuvraj Singh,340,294,115.64625850340136,238,207,114.97584541062803,-0.6704130927733303
2010,A Mishra,39,51,76.47058823529412,39,51,76.47058823529412,0.0
2010,A Symonds,429,341,125.80645161290323,260,219,118.7214611872146,-7.0849904256886305
2010,AA Jhunjhunwala,183,166,110.24096385542168,133,123,108.130081300813,-2.110882554608679
2010,AB McDonald,65,52,125.0,65,52,125.0,0.0
2010,AB de Villiers,111,119,93.27731092436974,111,119,93.27731092436974,0.0
2010,AC Gilchrist,289,185,156.21621621621622,164,115,142.6086956521739,-13.607520564042318
2010,AC Voges,181,143,126.57342657342659,99,97,102.06185567010309,-24.511570903323502
2010,AD Mathews,233,184,126.63043478260869,119,95,125.26315789473684,-1.3672768878718529
2010,AM Nayar,58,51,113.72549019607843,58,51,113.72549019607843,0.0
2010,AP Tare,50,36,138.88888888888889,50,36,138.88888888888889,0.0
2010,AS Raut,56,48,116.66666666666667,56,48,116.66666666666667,0.0
2010,AT Rayudu,356,246,144.71544715447155,356,246,144.71544715447155,0.0
2010,Anirudh Singh,63,66,95.45454545454545,54,53,101.88679245283019,6.4322469982847394
2010,B Sumanth,35,37,94.5945945945946,35,37,94.5945945945946,0.0
2010,BJ Hodge,99,90,110.00000000000001,99,90,110.00000000000001,0.0
2010,CA Pujara,122,115,106.08695652173914,61,69,88.40579710144928,-17.68115942028986
2010,CH Gayle,292,184,158.69565217391303,197,130,151.53846153846155,-7.157190635451485
2010,CL White,48,33,145.45454545454547,48,33,145.45454545454547,0.0
2010,DA Warner,282,191,147.64397905759162,282,191,147.64397905759162,0.0
2010,DJ Bravo,61,53,115.09433962264151,61,53,115.09433962264151,0.0
2010,DJ Hussey,94,86,109.30232558139534,71,64,110.9375,1.635174418604663
2010,EJG Morgan,35,30,116.66666666666667,35,30,116.66666666666667,0.0
2010,FY Fazal,164,154,106.49350649350649,88,93,94.6236559139785,-11.869850579527991
2010,G Gambhir,277,217,127.64976958525345,277,217,127.64976958525345,0.0
2010,GC Smith,44,39,112.82051282051282,44,39,112.82051282051282,0.0
2010,HH Gibbs,267,235,113.61702127659574,227,197,115.22842639593908,1.6114051193433454
2010,Harbhajan Singh,105,63,166.66666666666669,105,63,166.66666666666669,0.0
2010,IK Pathan,276,186,148.38709677419354,24,17,141.1764705882353,-7.210626185958233
2010,JA Morkel,198,131,151.14503816793894,65,56,116.07142857142858,-35.07360959651035
2010,JH Kallis,572,494,115.78947368421053,572,494,115.78947368421053,0.0
2010,JP Duminy,157,131,119.84732824427482,157,131,119.84732824427482,0.0
2010,KA Pollard,273,147,185.71428571428572,273,147,185.71428571428572,0.0
2010,KD Karthik,278,237,117.29957805907173,278,237,117.29957805907173,0.0
2010,KM Jadhav,76,56,135.71428571428572,76,56,135.71428571428572,0.0
2010,KP Pietersen,236,157,150.31847133757964,236,157,150.31847133757964,0.0
2010,LRPL Taylor,88,75,117.33333333333333,88,75,117.33333333333333,0.0
2010,M Manhas,157,149,105.36912751677852,157,149,105.36912751677852,0.0
2010,M Vijay,458,292,156.84931506849315,125,97,128.8659793814433,-27.983335687049845
2010,MD Mishra,166,144,115.27777777777777,131,108,121.2962962962963,6.018518518518533
2010,MEK Hussey,37,44,84.0909090909091,37,44,84.0909090909091,0.0
2010,MJ Lumb,278,192,144.79166666666669,227,143,158.74125874125875,13.949592074592061
2010,MK Pandey,249,226,110.17699115044249,249,226,110.17699115044249,0.0
2010,MK Tiwary,237,186,127.41935483870968,109,88,123.86363636363636,-3.55571847507332
2010,ML Hayden,346,279,124.01433691756272,263,209,125.83732057416267,1.822983656599959
2010,MR Marsh,28,30,93.33333333333333,28,30,93.33333333333333,0.0
2010,MS Bisla,218,178,122.47191011235957,77,57,135.08771929824562,12.61580918588605
2010,MS Dhoni,287,210,136.66666666666666,144,109,132.11009174311928,-4.556574923547373
2010,NV Ojha,377,285,132.28070175438594,321,239,134.30962343096235,2.0289216765764024
2010,OA Shah,115,95,121.05263157894737,115,95,121.05263157894737,0.0
2010,P Dogra,107,106,100.9433962264151,103,95,108.42105263157895,7.477656405163842
2010,PA Patel,72,79,91.13924050632912,72,79,91.13924050632912,0.0
2010,PD Collingwood,203,156,130.12820512820514,203,156,130.12820512820514,0.0
2010,R Ashwin,30,40,75.0,30,39,76.92307692307693,1.923076923076934
2010,R Dravid,256,199,128.643216080402,256,199,128.643216080402,0.0
2010,R McLaren,66,69,95.65217391304348,66,69,95.65217391304348,0.0
2010,R Sathish,112,96,116.66666666666667,112,96,116.66666666666667,0.0
2010,R Vinay Kumar,27,32,84.375,27,32,84.375,0.0
2010,RG Sharma,404,302,133.7748344370861,305,223,136.77130044843048,2.9964660113443813
2010,RJ Harris,45,39,115.38461538461537,31,27,114.81481481481481,-0.569800569800563
2010,RS Bopara,248,214,115.88785046728971,133,98,135.71428571428572,19.826435246996013
2010,RV Uthappa,374,218,171.55963302752292,374,218,171.55963302752292,0.0
2010,S Badrinath,356,303,117.49174917491749,272,224,121.42857142857142,3.9368222536539292
2010,S Dhawan,191,170,112.3529411764706,191,170,112.3529411764706,0.0
2010,SC Ganguly,493,419,117.66109785202863,227,203,111.82266009852218,-5.838437753506454
2010,SK Raina,520,364,142.85714285714286,351,249,140.96385542168676,-1.8932874354561022
2010,SR Tendulkar,618,466,132.61802575107296,618,466,132.61802575107296,0.0
2010,SR Watson,185,114,162.28070175438597,185,114,162.28070175438597,0.0
2010,SS Tiwary,419,309,135.59870550161813,419,309,135.59870550161813,0.0
2010,ST Jayasuriya,33,31,106.4516129032258,33,31,106.4516129032258,0.0
2010,TL Suman,307,257,119.45525291828794,137,118,116.10169491525424,-3.3535580030336973
2010,TM Dilshan,44,53,83.01886792452831,44,53,83.01886792452831,0.0
2010,V Kohli,307,212,144.81132075471697,307,212,144.81132075471697,0.0
2010,V Sehwag,356,218,163.30275229357798,356,218,163.30275229357798,0.0
2010,VVS Laxman,64,60,106.66666666666667,44,37,118.91891891891892,12.252252252252248
2010,WP Saha,67,53,126.41509433962264,53,36,147.22222222222223,20.807127882599588
2010,WPUJC Vaas,30,34,88.23529411764706,14,24,58.333333333333336,-29.901960784313722
2010,Y Venugopal Rao,34,43,79.06976744186046,34,43,79.06976744186046,0.0
2010,YK Pathan,333,201,165.67164179104478,264,144,183.33333333333331,17.661691542288537
2011,A Symonds,135,138,97.82608695652173,135,138,97.82608695652173,0.0
2011,AB de Villiers,312,243,128.39506172839506,254,207,122.70531400966182,-5.689747718733244
2011,AC Blizzard,120,87,137.93103448275863,120,87,137.93103448275863,0.0
2011,AC Gilchrist,383,295,129.83050847457628,236,150,157.33333333333331,27.502824858757037
2011,AG Paunikar,49,57,85.96491228070175,49,57,85.96491228070175,0.0
2011,AL Menaria,180,152,118.42105263157893,149,124,120.16129032258065,1.7402376910017239
2011,AM Nayar,61,67,91.04477611940298,21,23,91.30434782608695,0.2595717066839711
2011,AM Rahane,120,98,122.44897959183673,112,89,125.84269662921348,3.393717037376746
2011,AS Raut,60,58,103.44827586206897,60,58,103.44827586206897,0.0
2011,AT Rayudu,395,350,112.85714285714286,395,350,112.85714285714286,0.0
2011,BB McCullum,357,275,129.8181818181818,78,74,105.40540540540539,-24.412776412776424
2011,BJ Hodge,285,236,120.76271186440677,54,61,88.52459016393442,-32.23812170047235
2011,CA Pujara,34,31,109.6774193548387,27,19,142.10526315789474,32.427843803056035
2011,CH Gayle,608,332,183.13253012048193,324,188,172.3404255319149,-10.792104588567042
2011,DJ Hussey,64,63,101.58730158730158,23,15,153.33333333333334,51.74603174603176
2011,DJ Jacobs,92,88,104.54545454545455,92,88,104.54545454545455,0.0
2011,DPMD Jayawardene,299,257,116.34241245136188,176,148,118.91891891891892,2.5765064675570386
2011,EJG Morgan,137,117,117.0940170940171,131,111,118.01801801801801,0.9240009240009073
2011,G Gambhir,378,317,119.24290220820188,348,297,117.17171717171718,-2.0711850364847066
2011,GC Smith,42,51,82.35294117647058,36,39,92.3076923076923,9.954751131221727
2011,Harbhajan Singh,103,71,145.07042253521126,103,71,145.07042253521126,0.0
2011,J Botha,230,198,116.16161616161615,230,198,116.16161616161615,0.0
2011,JA Morkel,138,102,135.29411764705884,138,98,140.81632653061226,5.522208883553418
2011,JD Ryder,292,197,148.2233502538071,120,69,173.91304347826087,25.689693224453777
2011,JEC Franklin,107,78,137.17948717948718,107,78,137.17948717948718,0.0
2011,JH Kallis,424,378,112.16931216931216,317,291,108.93470790378007,-3.2346042655320986
2011,KA Pollard,146,133,109.77443609022556,146,133,109.77443609022556,0.0
2011,KD Karthik,282,220,128.1818181818182,65,54,120.37037037037037,-7.81144781144782
2011,LA Pomersbach,51,39,130.76923076923077,51,39,130.76923076923077,0.0
2011,LRPL Taylor,181,152,119.07894736842107,181,152,119.07894736842107,0.0
2011,M Kaif,41,33,124.24242424242425,30,24,125.0,0.7575757575757507
2011,M Klinger,73,77,94.8051948051948,53,51,103.921568627451,9.116373822256193
2011,M Manhas,114,123,92.6829268292683,67,70,95.71428571428572,3.0313588850174256
2011,M Vijay,434,339,128.023598820059,403,310,130.0,1.976401179941007
2011,MA Agarwal,141,120,117.5,141,120,117.5,0.0
2011,MD Mishra,67,60,111.66666666666667,56,42,133.33333333333331,21.666666666666643
2011,MEK Hussey,492,414,118.84057971014492,431,366,117.75956284153007,-1.081016868614853
2011,MK Tiwary,359,325,110.46153846153845,302,289,104.49826989619378,-5.963268565344677
2011,MS Bisla,72,89,80.89887640449437,26,39,66.66666666666666,-14.232209737827716
2011,MS Dhoni,392,247,158.70445344129556,366,226,161.94690265486727,3.2424492135717173
2011,Mandeep Singh,47,41,114.6341463414634,18,15,120.0,5.365853658536594
2011,PA Patel,202,183,110.38251366120218,81,79,102.53164556962024,-7.850868091581944
2011,PC Valthaty,463,338,136.98224852071007,147,114,128.94736842105263,-8.034880099657443
2011,R Dravid,343,314,109.23566878980893,299,278,107.55395683453237,-1.6817119552765547
2011,R McLaren,90,96,93.75,11,21,52.38095238095239,-41.36904761904761
2011,R Sathish,25,34,73.52941176470588,25,34,73.52941176470588,0.0
2011,R Vinay Kumar,50,47,106.38297872340425,38,37,102.7027027027027,-3.6802760207015552
2011,RA Jadeja,283,228,124.12280701754386,122,127,96.06299212598425,-28.05981489155961
2011,RG Sharma,372,297,125.25252525252526,372,297,125.25252525252526,0.0
2011,RN ten Doeschate,107,73,146.57534246575344,107,73,146.57534246575344,0.0
2011,RV Gomez,46,50,92.0,20,31,64.51612903225806,-27.483870967741936
2011,RV Uthappa,264,209,126.3157894736842,102,74,137.83783783783784,11.522048364153633
2011,S Anirudha,83,74,112.16216216216218,76,67,113.43283582089552,1.2706736587333438
2011,S Badrinath,396,313,126.51757188498402,385,306,125.81699346405229,-0.7005784209317341
2011,SE Marsh,504,344,146.51162790697674,304,173,175.72254335260115,29.21091544562441
2011,SK Raina,438,325,134.76923076923077,436,321,135.82554517133957,1.0563144021087965
2011,SR Tendulkar,553,488,113.31967213114753,553,488,113.31967213114753,0.0
2011,SR Watson,330,253,130.43478260869566,221,193,114.5077720207254,-15.927010587970258
2011,SS Tiwary,187,188,99.46808510638297,142,151,94.03973509933775,-5.428350007045225
2011,STR Binny,37,31,119.35483870967742,37,31,119.35483870967742,0.0
2011,TL Suman,65,51,127.45098039215685,65,51,127.45098039215685,0.0
2011,TM Dilshan,226,180,125.55555555555556,157,120,130.83333333333334,5.277777777777786
2011,V Kohli,557,460,121.08695652173913,377,326,115.6441717791411,-5.442784742598022
2011,WD Parnell,37,39,94.87179487179486,20,22,90.9090909090909,-3.962703962703955
2011,WP Saha,68,63,107.93650793650794,68,63,107.93650793650794,0.0
2011,YK Pathan,283,201,140.7960199004975,250,174,143.67816091954023,2.8821410190427343
2011,Yuvraj Singh,343,261,131.4176245210728,95,61,155.7377049180328,24.32008039695998
2012,AB McDonald,47,35,134.28571428571428,39,29,134.48275862068965,0.19704433497537366
2012,AB de Villiers,319,198,161.11111111111111,118,85,138.8235294117647,-22.28758169934642
2012,AC Gilchrist,172,143,120.27972027972027,73,58,125.86206896551724,5.582348685796973
2012,AD Mathews,127,108,117.59259259259258,54,40,135.0,17.40740740740742
2012,AJ Finch,55,51,107.84313725490196,55,51,107.84313725490196,0.0
2012,AL Menaria,220,202,108.91089108910892,145,138,105.07246376811594,-3.8384273209929773
2012,AM Rahane,560,433,129.33025404157044,475,356,133.42696629213484,4.096712250564394
2012,AT Rayudu,333,252,132.14285714285714,299,235,127.23404255319149,-4.908814589665653
2012,Azhar Mahmood,186,142,130.98591549295776,94,89,105.61797752808988,-25.367937964867878
2012,B Kumar,40,40,100.0,21,18,116.66666666666667,16.66666666666667
2012,BB McCullum,289,283,102.12014134275617,278,272,102.20588235294117,0.08574101018500357
2012,BJ Hodge,245,175,140.0,195,138,141.30434782608697,1.3043478260869676
2012,CH Gayle,733,456,160.74561403508773,290,182,159.34065934065933,-1.4049546944283975
2012,CJ Ferguson,50,63,79.36507936507937,15,19,78.94736842105263,-0.41771094402673725
2012,DA Miller,98,75,130.66666666666666,32,25,128.0,-2.666666666666657
2012,DA Warner,256,156,164.1025641025641,256,156,164.1025641025641,0.0
2012,DB Das,126,93,135.48387096774192,96,70,137.14285714285714,1.658986175115217
2012,DJ Bravo,371,264,140.53030303030303,287,204,140.68627450980392,0.15597147950089152
2012,DJ Hussey,396,305,129.8360655737705,121,101,119.80198019801979,-10.034085375750706
2012,DPMD Jayawardene,335,298,112.41610738255035,335,298,112.41610738255035,0.0
2012,DR Smith,157,98,160.20408163265304,157,98,160.20408163265304,0.0
2012,F du Plessis,398,304,130.92105263157893,298,229,130.13100436681222,-0.7900482647667104
2012,G Gambhir,590,411,143.5523114355231,499,345,144.63768115942028,1.0853697238971733
2012,Gurkeerat Singh,86,52,165.3846153846154,57,40,142.5,-22.884615384615387
2012,HH Gibbs,81,88,92.04545454545455,81,88,92.04545454545455,0.0
2012,Harbhajan Singh,108,80,135.0,108,78,138.46153846153845,3.461538461538453
2012,IK Pathan,176,126,139.68253968253967,176,126,139.68253968253967,0.0
2012,J Botha,58,54,107.40740740740742,34,39,87.17948717948718,-20.227920227920237
2012,JA Morkel,107,68,157.35294117647058,84,51,164.70588235294116,7.35294117647058
2012,JD Ryder,256,212,120.75471698113208,233,186,125.26881720430107,4.514100223168995
2012,JEC Franklin,220,223,98.65470852017937,198,201,98.50746268656717,-0.14724583361220311
2012,JH Kallis,409,384,106.51041666666667,347,311,111.57556270096462,5.065146034297953
2012,KA Pollard,220,159,138.36477987421384,217,152,142.76315789473685,4.398378020523012
2012,KD Karthik,238,213,111.73708920187792,235,207,113.52657004830917,1.7894808464312462
2012,KP Pietersen,305,207,147.34299516908214,305,207,147.34299516908214,0.0
2012,LR Shukla,75,57,131.57894736842107,36,24,150.0,18.42105263157893
2012,LRPL Taylor,197,171,115.2046783625731,197,171,115.2046783625731,0.0
2012,M Manhas,120,96,125.0,108,84,128.57142857142858,3.5714285714285836
2012,M Vijay,336,267,125.84269662921348,324,240,135.0,9.157303370786522
2012,MA Agarwal,225,158,142.40506329113924,147,99,148.4848484848485,6.079785193709256
2012,MEK Hussey,261,236,110.59322033898304,242,204,118.62745098039215,8.03423064140911
2012,MJ Clarke,98,94,104.25531914893618,55,46,119.56521739130434,15.309898242368163
2012,MK Pandey,143,112,127.67857142857142,126,95,132.6315789473684,4.953007518796994
2012,MK Tiwary,260,246,105.6910569105691,175,173,101.15606936416187,-4.534987546407237
2012,MN Samuels,124,123,100.8130081300813,124,123,100.8130081300813,0.0
2012,MS Bisla,213,160,133.125,138,102,135.29411764705884,2.1691176470588402
2012,MS Dhoni,358,278,128.77697841726618,309,235,131.48936170212767,2.712383284861488
2012,Mandeep Singh,432,342,126.3157894736842,170,118,144.0677966101695,17.75200713648529
2012,N Saini,140,141,99.29078014184397,70,68,102.94117647058823,3.6503963287442645
2012,NV Ojha,255,224,113.83928571428572,255,224,113.83928571428572,0.0
2012,OA Shah,340,256,132.8125,284,200,142.0,9.1875
2012,P Kumar,35,30,116.66666666666667,18,15,120.0,3.3333333333333286
2012,PP Chawla,106,88,120.45454545454545,22,22,100.0,-20.454545454545453
2012,R Dravid,462,412,112.13592233009709,351,312,112.5,0.3640776699029118
2012,R Vinay Kumar,68,62,109.6774193548387,50,46,108.69565217391303,-0.9817671809256723
2012,RA Jadeja,191,151,126.49006622516556,117,101,115.84158415841583,-10.648482066749736
2012,RE Levi,83,73,113.69863013698631,83,73,113.69863013698631,0.0
2012,RG Sharma,433,342,126.60818713450293,383,312,122.75641025641026,-3.8517768780926644
2012,RJ Peterson,32,30,106.66666666666667,16,23,69.56521739130434,-37.10144927536233
2012,RV Uthappa,405,343,118.07580174927115,323,273,118.31501831501832,0.23921656574717076
2012,S Badrinath,196,181,108.28729281767954,104,97,107.21649484536083,-1.070797972318715
2012,SC Ganguly,268,271,98.8929889298893,211,206,102.42718446601941,3.534195536130113
2012,SD Chitnis,66,62,106.4516129032258,55,49,112.24489795918366,5.793285055957867
2012,SE Marsh,336,280,120.0,77,72,106.94444444444444,-13.055555555555557
2012,SK Raina,441,325,135.69230769230768,366,268,136.56716417910448,0.8748564867968014
2012,SL Malinga,55,53,103.77358490566037,55,53,103.77358490566037,0.0
2012,SP Goswami,69,67,102.98507462686568,66,64,103.125,0.13992537313431797
2012,SPD Smith,362,267,135.58052434456928,269,173,155.49132947976878,19.910805135199496
2012,SR Tendulkar,324,283,114.48763250883391,290,254,114.1732283464567,-0.31440416237721536
2012,SR Watson,255,168,151.78571428571428,103,71,145.07042253521126,-6.715291750503013
2012,SS Tiwary,191,170,112.3529411764706,104,97,107.21649484536083,-5.136446331109767
2012,STR Binny,90,67,134.32835820895522,47,36,130.55555555555557,-3.7728026533996513
2012,Shakib Al Hasan,91,74,122.97297297297298,71,60,118.33333333333333,-4.639639639639654
2012,TM Dilshan,285,261,109.19540229885058,101,97,104.1237113402062,-5.071690958644382
2012,UBT Chand,36,34,105.88235294117648,36,34,105.88235294117648,0.0
2012,V Kohli,364,326,111.65644171779141,146,142,102.8169014084507,-8.839540309340705
2012,V Sehwag,495,307,161.23778501628664,495,307,161.23778501628664,0.0
2012,Y Nagar,153,133,115.0375939849624,153,133,115.0375939849624,0.0
2012,Y Venugopal Rao,132,126,104.76190476190477,132,126,104.76190476190477,0.0
2012,YK Pathan,194,169,114.79289940828403,171,141,121.27659574468086,6.483696336396832
2013,A Ashish Reddy,125,89,140.4494382022472,125,89,140.4494382022472,0.0
2013,A Mishra,89,96,92.70833333333334,89,96,92.70833333333334,0.0
2013,AB de Villiers,360,219,164.3835616438356,360,219,164.3835616438356,0.0
2013,AC Gilchrist,294,229,128.38427947598254,33,30,110.00000000000001,-18.384279475982524
2013,AM Rahane,488,458,106.55021834061135,488,458,106.55021834061135,0.0
2013,AP Tare,123,84,146.42857142857142,123,84,146.42857142857142,0.0
2013,AT Rayudu,265,231,114.7186147186147,252,223,113.00448430493273,-1.7141304136819713
2013,BB Samantray,123,111,110.8108108108108,123,111,110.8108108108108,0.0
2013,BJ Hodge,293,218,134.40366972477065,293,218,134.40366972477065,0.0
2013,CA Pujara,92,99,92.92929292929293,92,99,92.92929292929293,0.0
2013,CH Gayle,708,453,156.2913907284768,708,453,156.2913907284768,0.0
2013,CL White,209,191,109.42408376963351,209,191,109.42408376963351,0.0
2013,DA Miller,418,254,164.56692913385825,44,47,93.61702127659575,-70.9499078572625
2013,DA Warner,410,323,126.93498452012383,98,75,130.66666666666666,3.7316821465428234
2013,DH Yagnik,125,96,130.20833333333331,125,96,130.20833333333331,0.0
2013,DJ Bravo,121,106,114.15094339622642,111,89,124.7191011235955,10.56815772736907
2013,DJ Hussey,235,209,112.4401913875598,41,41,100.0,-12.440191387559807
2013,DJG Sammy,174,132,131.8181818181818,174,132,131.8181818181818,0.0
2013,DPMD Jayawardene,331,313,105.75079872204473,85,68,125.0,19.249201277955265
2013,DR Smith,418,341,122.58064516129032,356,296,120.27027027027026,-2.3103748910200608
2013,DW Steyn,53,36,147.22222222222223,53,36,147.22222222222223,0.0
2013,EJG Morgan,307,240,127.91666666666666,67,58,115.51724137931035,-12.399425287356308
2013,G Gambhir,406,343,118.36734693877551,122,97,125.77319587628865,7.4058489375131415
2013,GH Vihari,241,278,86.6906474820144,241,278,86.6906474820144,0.0
2013,Gurkeerat Singh,108,95,113.68421052631578,28,15,186.66666666666666,72.98245614035088
2013,Harbhajan Singh,116,79,146.8354430379747,109,77,141.55844155844156,-5.277001479533141
2013,JA Morkel,46,37,124.32432432432432,46,37,124.32432432432432,0.0
2013,JH Kallis,311,322,96.58385093167702,39,40,97.5,0.91614906832298
2013,JP Faulkner,57,57,100.0,57,57,100.0,0.0
2013,KA Pollard,420,281,149.46619217081852,387,257,150.58365758754863,1.1174654167301128
2013,KB Arun Karthik,41,38,107.89473684210526,41,38,107.89473684210526,0.0
2013,KC Sangakkara,120,136,88.23529411764706,120,136,88.23529411764706,0.0
2013,KD Karthik,510,411,124.08759124087592,503,405,124.19753086419753,0.10993962332160834
2013,KV Sharma,85,86,98.83720930232558,85,86,98.83720930232558,0.0
2013,M Vijay,312,286,109.09090909090908,257,228,112.71929824561404,3.628389154704962
2013,M Vohra,161,117,137.60683760683762,39,32,121.875,-15.731837606837615
2013,MA Agarwal,67,62,108.06451612903226,67,62,108.06451612903226,0.0
2013,MC Henriques,165,125,132.0,165,125,132.0,0.0
2013,MC Juneja,125,128,97.65625,28,27,103.7037037037037,6.047453703703695
2013,MEK Hussey,733,566,129.5053003533569,627,489,128.2208588957055,-1.2844414576513827
2013,MG Johnson,39,36,108.33333333333333,39,36,108.33333333333333,0.0
2013,MK Tiwary,146,140,104.28571428571429,60,52,115.38461538461537,11.09890109890108
2013,MS Bisla,255,236,108.05084745762711,6,18,33.33333333333333,-74.71751412429379
2013,MS Dhoni,461,283,162.89752650176678,410,257,159.5330739299611,-3.3644525718056855
2013,Mandeep Singh,260,223,116.59192825112108,49,35,140.0,23.408071748878925
2013,NLTC Perera,233,163,142.94478527607362,233,163,142.94478527607362,0.0
2013,PA Patel,294,255,115.29411764705881,294,255,115.29411764705881,0.0
2013,PA Reddy,91,101,90.0990099009901,91,101,90.0990099009901,0.0
2013,R Ashwin,35,49,71.42857142857143,33,44,75.0,3.5714285714285694
2013,R Dravid,471,425,110.8235294117647,471,425,110.8235294117647,0.0
2013,R Rampaul,38,37,102.7027027027027,38,37,102.7027027027027,0.0
2013,R Vinay Kumar,70,44,159.0909090909091,70,44,159.0909090909091,0.0
2013,RA Jadeja,201,135,148.88888888888889,185,124,149.19354838709677,0.30465949820788296
2013,RG Sharma,538,409,131.5403422982885,504,381,132.28346456692915,0.7431222686406613
2013,RT Ponting,52,75,69.33333333333334,52,75,69.33333333333334,0.0
2013,S Badrinath,124,121,102.4793388429752,108,105,102.85714285714285,0.3778040141676513
2013,S Dhawan,311,253,122.92490118577075,311,253,122.92490118577075,0.0
2013,SK Raina,548,365,150.13698630136986,538,358,150.27932960893855,0.1423433075686944
2013,SR Tendulkar,287,231,124.24242424242425,285,225,126.66666666666666,2.424242424242408
2013,SR Watson,543,380,142.89473684210526,543,380,142.89473684210526,0.0
2013,SS Tiwary,109,106,102.8301886792453,109,106,102.8301886792453,0.0
2013,STR Binny,293,199,147.23618090452263,293,199,147.23618090452263,0.0
2013,SV Samson,206,178,115.73033707865167,206,178,115.73033707865167,0.0
2013,TM Dilshan,76,93,81.72043010752688,76,93,81.72043010752688,0.0
2013,UBT Chand,158,158,100.0,23,20,114.99999999999999,14.999999999999986
2013,V Kohli,634,457,138.7308533916849,634,457,138.7308533916849,0.0
2013,WP Saha,70,56,125.0,70,56,125.0,0.0
2013,YK Pathan,332,240,138.33333333333334,45,35,128.57142857142858,-9.76190476190476
2014,AB de Villiers,395,249,158.63453815261045,294,194,151.5463917525773,-7.088146400033139
2014,AJ Finch,309,263,117.49049429657794,99,95,104.21052631578947,-13.27996798078847
2014,AM Nayar,43,47,91.48936170212765,43,47,91.48936170212765,0.0
2014,AM Rahane,339,291,116.49484536082475,339,291,116.49484536082475,0.0
2014,AP Tare,126,98,128.57142857142858,47,42,111.90476190476191,-16.66666666666667
2014,AR Patel,62,60,103.33333333333334,62,60,103.33333333333334,0.0
2014,AT Rayudu,361,287,125.78397212543555,115,90,127.77777777777777,1.9938056523422176
2014,Ankit Sharma,34,30,113.33333333333333,34,30,113.33333333333333,0.0
2014,BB McCullum,405,333,121.62162162162163,329,278,118.34532374100719,-3.276297880614436
2014,BJ Hodge,101,72,140.27777777777777,101,72,140.27777777777777,0.0
2014,CA Lynn,58,49,118.36734693877551,58,49,118.36734693877551,0.0
2014,CA Pujara,125,124,100.80645161290323,125,124,100.80645161290323,0.0
2014,CH Gayle,196,184,106.5217391304348,155,136,113.97058823529412,7.44884910485932
2014,CJ Anderson,265,181,146.40883977900552,135,81,166.66666666666669,20.257826887661167
2014,DA Miller,446,299,149.1638795986622,446,299,149.1638795986622,0.0
2014,DA Warner,528,375,140.79999999999998,205,110,186.36363636363635,45.56363636363636
2014,DJ Hussey,116,94,123.40425531914893,116,94,123.40425531914893,0.0
2014,DJG Sammy,108,91,118.68131868131869,29,22,131.8181818181818,13.136863136863127
2014,DR Smith,566,416,136.05769230769232,471,345,136.52173913043478,0.46404682274246056
2014,F du Plessis,303,235,128.93617021276594,279,218,127.98165137614679,-0.9545188366191582
2014,G Gambhir,335,293,114.33447098976109,335,293,114.33447098976109,0.0
2014,GJ Bailey,257,190,135.26315789473685,257,190,135.26315789473685,0.0
2014,GJ Maxwell,552,294,187.75510204081633,552,294,187.75510204081633,0.0
2014,JA Morkel,45,41,109.75609756097562,44,40,110.00000000000001,0.2439024390243958
2014,JDS Neesham,42,46,91.30434782608695,30,26,115.38461538461537,24.08026755852842
2014,JH Kallis,151,129,117.05426356589147,151,129,117.05426356589147,0.0
2014,JP Duminy,410,305,134.4262295081967,261,180,145.0,10.573770491803288
2014,JP Faulkner,181,94,192.5531914893617,181,94,192.5531914893617,0.0
2014,KA Pollard,273,203,134.48275862068965,30,26,115.38461538461537,-19.09814323607428
2014,KD Karthik,325,258,125.96899224806202,191,151,126.49006622516556,0.5210739771035406
2014,KK Nair,330,232,142.24137931034483,330,232,142.24137931034483,0.0
2014,KM Jadhav,149,101,147.5247524752475,83,47,176.59574468085106,29.070992205603545
2014,KP Pietersen,294,233,126.1802575107296,36,45,80.0,-46.180257510729604
2014,LMP Simmons,394,291,135.39518900343643,79,52,151.9230769230769,16.527887919640477
2014,LR Shukla,31,38,81.57894736842105,10,16,62.5,-19.078947368421055
2014,LRPL Taylor,59,59,100.0,55,54,101.85185185185186,1.8518518518518619
2014,M Vijay,207,192,107.8125,153,135,113.33333333333333,5.520833333333329
2014,M Vohra,324,233,139.0557939914163,324,233,139.0557939914163,0.0
2014,MA Agarwal,115,91,126.37362637362637,34,31,109.6774193548387,-16.69620701878766
2014,MA Starc,85,84,101.19047619047619,83,82,101.21951219512195,0.029036004645760727
2014,MEK Hussey,209,182,114.83516483516483,80,72,111.11111111111111,-3.724053724053718
2014,MG Johnson,56,50,112.00000000000001,56,50,112.00000000000001,0.0
2014,MK Pandey,401,340,117.94117647058823,401,340,117.94117647058823,0.0
2014,MK Tiwary,152,118,128.81355932203388,32,24,133.33333333333331,4.5197740112994325
2014,MS Dhoni,371,250,148.4,313,224,139.73214285714286,-8.667857142857144
2014,NV Ojha,232,161,144.09937888198758,144,83,173.49397590361446,29.39459702162688
2014,PA Patel,205,185,110.8108108108108,174,156,111.53846153846155,0.7276507276507402
2014,Q de Kock,153,130,117.6923076923077,124,88,140.9090909090909,23.216783216783213
2014,R Ashwin,45,45,100.0,44,44,100.0,0.0
2014,R Bhatia,67,53,126.41509433962264,67,53,126.41509433962264,0.0
2014,R Dhawan,82,75,109.33333333333333,82,75,109.33333333333333,0.0
2014,RA Jadeja,146,110,132.72727272727275,139,107,129.90654205607478,-2.820730671197964
2014,RG Sharma,390,302,129.13907284768212,65,52,125.0,-4.139072847682115
2014,RN ten Doeschate,52,33,157.57575757575756,52,33,157.57575757575756,0.0
2014,RR Rossouw,39,41,95.1219512195122,38,37,102.7027027027027,7.580751483190497
2014,RV Uthappa,660,479,137.78705636743217,660,479,137.78705636743217,0.0
2014,S Dhawan,377,319,118.18181818181819,153,136,112.5,-5.681818181818187
2014,S Rana,73,65,112.3076923076923,53,45,117.77777777777779,5.470085470085479
2014,SA Yadav,164,117,140.17094017094016,164,117,140.17094017094016,0.0
2014,SE Marsh,70,52,134.6153846153846,70,52,134.6153846153846,0.0
2014,SK Raina,523,359,145.6824512534819,443,299,148.16053511705684,2.4780838635749376
2014,SPD Smith,147,110,133.63636363636365,147,110,133.63636363636365,0.0
2014,SR Watson,240,196,122.44897959183673,240,196,122.44897959183673,0.0
2014,STR Binny,123,121,101.65289256198346,123,121,101.65289256198346,0.0
2014,SV Samson,339,273,124.17582417582418,339,273,124.17582417582418,0.0
2014,Shakib Al Hasan,227,152,149.3421052631579,227,152,149.3421052631579,0.0
2014,V Kohli,359,294,122.10884353741496,272,225,120.88888888888889,-1.2199546485260697
2014,V Sehwag,455,315,144.44444444444443,455,315,144.44444444444443,0.0
2014,VR Aaron,35,34,102.94117647058823,35,34,102.94117647058823,0.0
2014,WP Saha,362,249,145.38152610441767,362,249,145.38152610441767,0.0
2014,Y Venugopal Rao,71,63,112.6984126984127,31,27,114.81481481481481,2.1164021164021136
2014,YK Pathan,268,165,162.42424242424244,268,165,162.42424242424244,0.0
2014,YV Takawale,104,91,114.28571428571428,85,74,114.86486486486487,0.5791505791505926
2014,Yuvraj Singh,376,278,135.25179856115108,200,187,106.95187165775401,-28.299926903397065
2015,A Ashish Reddy,73,46,158.69565217391303,45,32,140.625,-18.070652173913032
2015,AB de Villiers,513,293,175.08532423208192,319,190,167.89473684210526,-7.190587389976656
2015,AD Mathews,144,104,138.46153846153845,115,82,140.2439024390244,1.782363977485943
2015,AD Russell,326,169,192.89940828402368,326,169,192.89940828402368,0.0
2015,AJ Finch,23,33,69.6969696969697,13,19,68.42105263157895,-1.2759170653907574
2015,AM Rahane,540,413,130.75060532687652,461,352,130.9659090909091,0.21530376403256923
2015,AR Patel,206,174,118.39080459770115,60,58,103.44827586206897,-14.94252873563218
2015,AT Rayudu,281,193,145.5958549222798,156,116,134.48275862068965,-11.113096301590161
2015,Anureet Singh,18,31,58.06451612903226,10,24,41.66666666666667,-16.397849462365592
2015,BB McCullum,436,280,155.71428571428572,436,280,155.71428571428572,0.0
2015,CH Gayle,491,333,147.44744744744744,458,304,150.6578947368421,3.210447289394665
2015,CH Morris,76,46,165.2173913043478,72,38,189.4736842105263,24.256292906178487
2015,CJ Anderson,114,97,117.5257731958763,60,52,115.38461538461537,-2.141157811260925
2015,D Wiese,122,86,141.86046511627907,100,66,151.5151515151515,9.654686398872428
2015,DA Miller,357,266,134.21052631578948,109,90,121.1111111111111,-13.09941520467838
2015,DA Warner,562,359,156.5459610027855,188,123,152.84552845528455,-3.7004325475009523
2015,DJ Bravo,195,148,131.75675675675674,195,148,131.75675675675674,0.0
2015,DJ Hooda,151,95,158.94736842105263,140,81,172.8395061728395,13.892137751786862
2015,DR Smith,399,335,119.1044776119403,399,335,119.1044776119403,0.0
2015,EJG Morgan,187,151,123.84105960264901,65,60,108.33333333333333,-15.507726269315683
2015,F du Plessis,380,304,125.0,380,304,125.0,0.0
2015,G Gambhir,327,278,117.62589928057554,327,278,117.62589928057554,0.0
2015,GJ Bailey,259,190,136.31578947368422,165,109,151.37614678899084,15.060357315306618
2015,GJ Maxwell,145,112,129.46428571428572,62,46,134.7826086956522,5.318322981366464
2015,HH Pandya,112,62,180.64516129032256,35,24,145.83333333333331,-34.81182795698925
2015,Harbhajan Singh,117,73,160.27397260273972,84,37,227.02702702702703,66.75305442428731
2015,J Suchith,48,32,150.0,39,26,150.0,0.0
2015,JA Morkel,86,65,132.3076923076923,73,55,132.72727272727275,0.41958041958045555
2015,JP Duminy,414,315,131.42857142857142,283,214,132.2429906542056,0.8144192256341967
2015,JP Faulkner,144,109,132.11009174311928,134,99,135.35353535353536,3.2434436104160795
2015,KA Pollard,419,256,163.671875,173,98,176.53061224489795,12.858737244897952
2015,KD Karthik,141,117,120.51282051282051,131,106,123.58490566037736,3.072085147556848
2015,KK Nair,181,145,124.82758620689656,153,122,125.40983606557377,0.5822498586772156
2015,KL Rahul,142,126,112.6984126984127,68,60,113.33333333333333,0.6349206349206327
2015,KM Jadhav,189,140,135.0,112,93,120.43010752688173,-14.569892473118273
2015,KV Sharma,104,85,122.3529411764706,45,38,118.42105263157893,-3.931888544891663
2015,LMP Simmons,540,441,122.44897959183673,287,225,127.55555555555556,5.106575963718825
2015,M Vijay,251,228,110.08771929824562,146,133,109.77443609022556,-0.31328320802005294
2015,MA Agarwal,213,177,120.33898305084745,145,129,112.40310077519379,-7.935882275653654
2015,MC Henriques,287,211,136.01895734597156,96,65,147.6923076923077,11.67335034633615
2015,MEK Hussey,77,70,110.00000000000001,77,70,110.00000000000001,0.0
2015,MG Johnson,31,36,86.11111111111111,18,22,81.81818181818183,-4.292929292929287
2015,MK Pandey,225,184,122.28260869565217,225,184,122.28260869565217,0.0
2015,MK Tiwary,57,56,101.78571428571428,32,28,114.28571428571428,12.5
2015,MS Bisla,37,30,123.33333333333334,20,16,125.0,1.6666666666666572
2015,MS Dhoni,372,305,121.96721311475409,372,305,121.96721311475409,0.0
2015,Mandeep Singh,157,100,157.0,157,100,157.0,0.0
2015,NV Ojha,137,121,113.22314049586777,39,46,84.78260869565217,-28.440531800215595
2015,P Negi,116,73,158.9041095890411,116,73,158.9041095890411,0.0
2015,PA Patel,339,246,137.80487804878047,163,121,134.71074380165288,-3.0941342471275846
2015,PP Chawla,54,47,114.89361702127661,54,47,114.89361702127661,0.0
2015,R Ashwin,52,32,162.5,52,32,162.5,0.0
2015,RA Jadeja,132,126,104.76190476190477,132,126,104.76190476190477,0.0
2015,RG Sharma,482,333,144.74474474474474,253,181,139.7790055248619,-4.965739219882835
2015,RN ten Doeschate,61,45,135.55555555555557,61,45,135.55555555555557,0.0
2015,RS Bopara,145,120,120.83333333333333,64,49,130.6122448979592,9.778911564625858
2015,RV Uthappa,364,277,131.40794223826714,364,277,131.40794223826714,0.0
2015,S Dhawan,353,286,123.42657342657341,61,57,107.01754385964912,-16.40902956692429
2015,SA Yadav,157,113,138.93805309734512,157,113,138.93805309734512,0.0
2015,SE Marsh,81,58,139.6551724137931,75,50,150.0,10.34482758620689
2015,SK Raina,374,305,122.62295081967214,374,305,122.62295081967214,0.0
2015,SN Khan,111,71,156.33802816901408,100,64,156.25,-0.0880281690140805
2015,SPD Smith,293,221,132.579185520362,267,197,135.53299492385787,2.9538094034958817
2015,SR Watson,347,257,135.0194552529183,233,193,120.72538860103627,-14.294066651882034
2015,SS Iyer,439,342,128.36257309941521,303,228,132.89473684210526,4.532163742690045
2015,SS Tiwary,109,78,139.74358974358972,46,29,158.6206896551724,18.87709991158269
2015,STR Binny,74,66,112.12121212121211,74,65,113.84615384615384,1.7249417249417291
2015,SV Samson,204,163,125.15337423312884,191,146,130.82191780821915,5.668543575090311
2015,V Kohli,505,386,130.82901554404145,310,248,125.0,-5.829015544041454
2015,V Sehwag,99,84,117.85714285714286,96,77,124.67532467532467,6.818181818181813
2015,WP Saha,249,197,126.3959390862944,95,74,128.3783783783784,1.9824392920839813
2015,YK Pathan,312,231,135.06493506493507,312,231,135.06493506493507,0.0
2015,Yuvraj Singh,248,210,118.0952380952381,149,126,118.25396825396825,0.15873015873015106
2016,AB de Villiers,687,407,168.7960687960688,256,159,161.00628930817612,-7.789779487892673
2016,AD Russell,188,114,164.91228070175438,188,114,164.91228070175438,0.0
2016,AJ Finch,393,299,131.438127090301,393,299,131.438127090301,0.0
2016,AM Rahane,480,379,126.6490765171504,96,70,137.14285714285714,10.493780625706734
2016,AT Rayudu,334,278,120.14388489208633,334,278,120.14388489208633,0.0
2016,BB McCullum,354,262,135.1145038167939,354,262,135.1145038167939,0.0
2016,BCJ Cutting,65,34,191.1764705882353,65,34,191.1764705882353,0.0
2016,C Munro,30,30,100.0,30,30,100.0,0.0
2016,CH Gayle,227,150,151.33333333333334,160,93,172.04301075268816,20.70967741935482
2016,CH Morris,195,109,178.89908256880733,157,82,191.46341463414635,12.564332065339016
2016,CR Brathwaite,83,38,218.42105263157893,66,25,264.0,45.57894736842107
2016,DA Warner,848,560,151.42857142857142,687,464,148.06034482758622,-3.3682266009851958
2016,DJ Bravo,99,82,120.73170731707317,99,82,120.73170731707317,0.0
2016,DJ Hooda,144,121,119.00826446280992,115,95,121.05263157894737,2.044367116137451
2016,DR Smith,324,221,146.60633484162895,324,221,146.60633484162895,0.0
2016,EJG Morgan,123,105,117.14285714285715,39,32,121.875,4.732142857142847
2016,F du Plessis,206,162,127.16049382716051,170,129,131.7829457364341,4.622451909273593
2016,G Gambhir,501,411,121.8978102189781,501,411,121.8978102189781,0.0
2016,HH Pandya,44,63,69.84126984126983,44,63,69.84126984126983,0.0
2016,Harbhajan Singh,92,84,109.52380952380953,92,84,109.52380952380953,0.0
2016,Ishan Kishan,42,41,102.4390243902439,42,41,102.4390243902439,0.0
2016,JC Buttler,255,184,138.58695652173913,255,184,138.58695652173913,0.0
2016,JP Duminy,191,156,122.43589743589745,174,141,123.40425531914893,0.9683578832514854
2016,JP Faulkner,77,59,130.5084745762712,77,59,130.5084745762712,0.0
2016,KA Pollard,207,144,143.75,207,144,143.75,0.0
2016,KD Karthik,335,266,125.93984962406014,335,266,125.93984962406014,0.0
2016,KH Pandya,237,124,191.1290322580645,237,124,191.1290322580645,0.0
2016,KK Nair,357,297,120.2020202020202,260,220,118.18181818181819,-2.0202020202020066
2016,KL Rahul,397,271,146.49446494464945,88,53,166.03773584905662,19.543270904407166
2016,KM Jadhav,42,32,131.25,17,17,100.0,-31.25
2016,KP Pietersen,73,61,119.67213114754098,73,60,121.66666666666666,1.9945355191256766
2016,KS Williamson,124,122,101.63934426229508,124,122,101.63934426229508,0.0
2016,MC Henriques,182,158,115.18987341772151,137,104,131.73076923076923,16.54089581304771
2016,MJ Guptill,57,55,103.63636363636364,57,55,103.63636363636364,0.0
2016,MK Pandey,248,183,135.5191256830601,248,183,135.5191256830601,0.0
2016,N Rana,104,75,138.66666666666669,104,75,138.66666666666669,0.0
2016,NV Ojha,136,138,98.55072463768117,99,106,93.39622641509435,-5.154498222586824
2016,P Negi,57,59,96.61016949152543,32,26,123.07692307692308,26.466753585397655
2016,PA Patel,177,152,116.44736842105263,177,152,116.44736842105263,0.0
2016,Q de Kock,445,327,136.085626911315,307,214,143.45794392523365,7.372317013918661
2016,RA Jadeja,191,177,107.909604519774,191,177,107.909604519774,0.0
2016,RG Sharma,489,368,132.8804347826087,489,368,132.8804347826087,0.0
2016,RR Pant,198,152,130.26315789473685,165,124,133.06451612903226,2.8013582342954066
2016,RV Uthappa,394,289,136.33217993079586,394,289,136.33217993079586,0.0
2016,S Dhawan,501,429,116.78321678321679,485,409,118.58190709046454,1.7986903072477531
2016,SA Yadav,182,143,127.27272727272727,182,143,127.27272727272727,0.0
2016,SK Raina,399,312,127.88461538461537,399,312,127.88461538461537,0.0
2016,SN Khan,66,31,212.9032258064516,64,30,213.33333333333334,0.4301075268817556
2016,SPD Smith,270,176,153.4090909090909,43,32,134.375,-19.034090909090907
2016,SR Watson,179,134,133.5820895522388,84,72,116.66666666666667,-16.91542288557214
2016,SS Iyer,30,43,69.76744186046511,27,35,77.14285714285715,7.375415282392041
2016,STR Binny,63,39,161.53846153846155,47,35,134.28571428571428,-27.25274725274727
2016,SV Samson,291,259,112.35521235521236,223,198,112.62626262626263,0.2710502710502709
2016,SW Billings,88,64,137.5,84,58,144.82758620689654,7.327586206896541
2016,Shakib Al Hasan,114,106,107.54716981132076,114,106,107.54716981132076,0.0
2016,TM Head,54,40,135.0,37,24,154.16666666666669,19.166666666666686
2016,V Kohli,973,640,152.03125,408,261,156.32183908045977,4.2905890804597675
2016,YK Pathan,361,248,145.56451612903226,361,248,145.56451612903226,0.0
2016,Yuvraj Singh,236,179,131.84357541899442,236,179,131.84357541899442,0.0
2017,AB de Villiers,216,163,132.51533742331287,108,67,161.19402985074626,28.67869242743339
2017,AM Rahane,382,323,118.26625386996905,352,298,118.12080536912752,-0.14544850084152472
2017,AR Patel,227,162,140.12345679012347,227,162,140.12345679012347,0.0
2017,AT Rayudu,91,78,116.66666666666667,81,66,122.72727272727273,6.060606060606062
2017,BA Stokes,316,221,142.98642533936652,314,218,144.03669724770643,1.0502719083399086
2017,C de Grandhomme,126,92,136.95652173913044,126,92,136.95652173913044,0.0
2017,CA Lynn,295,163,180.98159509202455,295,163,180.98159509202455,0.0
2017,CH Gayle,200,163,122.69938650306749,60,56,107.14285714285714,-15.556529360210348
2017,CH Morris,154,94,163.82978723404256,84,58,144.82758620689654,-19.002201027146015
2017,CJ Anderson,142,123,115.44715447154472,39,25,156.0,40.55284552845528
2017,CR Woakes,46,47,97.87234042553192,46,47,97.87234042553192,0.0
2017,DA Miller,83,80,103.75000000000001,83,80,103.75000000000001,0.0
2017,DA Warner,641,452,141.8141592920354,641,452,141.8141592920354,0.0
2017,DJ Hooda,78,52,150.0,78,52,150.0,0.0
2017,DT Christian,79,49,161.22448979591837,78,46,169.56521739130434,8.340727595385971
2017,EJG Morgan,65,62,104.83870967741935,65,62,104.83870967741935,0.0
2017,G Gambhir,498,389,128.02056555269922,498,389,128.02056555269922,0.0
2017,GJ Maxwell,310,179,173.18435754189946,310,179,173.18435754189946,0.0
2017,HH Pandya,250,160,156.25,186,134,138.80597014925374,-17.44402985074626
2017,HM Amla,420,288,145.83333333333331,420,288,145.83333333333331,0.0
2017,IR Jaggi,33,39,84.61538461538461,33,39,84.61538461538461,0.0
2017,JC Buttler,272,177,153.6723163841808,206,136,151.47058823529412,-2.201728148886673
2017,K Rabada,55,64,85.9375,44,39,112.82051282051282,26.883012820512818
2017,KA Pollard,385,276,139.4927536231884,341,242,140.9090909090909,1.4163372859025003
2017,KH Pandya,243,179,135.75418994413408,229,168,136.30952380952382,0.5553338653897413
2017,KK Nair,281,226,124.33628318584071,59,68,86.76470588235294,-37.57157730348777
2017,KM Jadhav,267,186,143.5483870967742,110,65,169.23076923076923,25.68238213399502
2017,KS Williamson,256,169,151.4792899408284,256,169,151.4792899408284,0.0
2017,KV Sharma,49,41,119.51219512195121,49,41,119.51219512195121,0.0
2017,LMP Simmons,137,112,122.32142857142858,137,112,122.32142857142858,0.0
2017,M Vohra,229,159,144.0251572327044,229,159,144.0251572327044,0.0
2017,MC Henriques,277,203,136.45320197044336,277,203,136.45320197044336,0.0
2017,MJ Guptill,132,88,150.0,132,88,150.0,0.0
2017,MK Pandey,396,308,128.57142857142858,396,308,128.57142857142858,0.0
2017,MK Tiwary,324,236,137.28813559322032,297,225,132.0,-5.288135593220318
2017,MM Sharma,51,50,102.0,51,50,102.0,0.0
2017,MS Dhoni,290,250,115.99999999999999,262,225,116.44444444444444,0.4444444444444571
2017,Mandeep Singh,188,177,106.21468926553672,64,61,104.91803278688525,-1.296656478651471
2017,N Rana,333,264,126.13636363636364,249,207,120.28985507246377,-5.846508563899874
2017,NV Ojha,79,65,121.53846153846153,79,65,121.53846153846153,0.0
2017,P Negi,144,111,129.72972972972974,23,21,109.52380952380953,-20.205920205920208
2017,PA Patel,395,293,134.8122866894198,346,252,137.3015873015873,2.489300612167483
2017,PJ Cummins,77,53,145.2830188679245,19,15,126.66666666666666,-18.616352201257854
2017,RA Tripathi,391,267,146.44194756554307,360,244,147.54098360655738,1.0990360410143012
2017,RG Sharma,333,273,121.97802197802199,328,260,126.15384615384615,4.175824175824161
2017,RR Pant,366,221,165.61085972850677,53,29,182.75862068965517,17.147760961148407
2017,RV Uthappa,388,235,165.1063829787234,388,235,165.1063829787234,0.0
2017,S Dhawan,479,376,127.39361702127661,479,376,127.39361702127661,0.0
2017,SA Yadav,105,88,119.31818181818181,105,88,119.31818181818181,0.0
2017,SE Marsh,264,194,136.08247422680412,264,194,136.08247422680412,0.0
2017,SP Jackson,38,31,122.58064516129032,38,31,122.58064516129032,0.0
2017,SP Narine,224,130,172.30769230769232,224,130,172.30769230769232,0.0
2017,SPD Smith,472,387,121.9638242894057,445,363,122.58953168044077,0.6257073910350783
2017,SR Watson,71,78,91.02564102564102,47,45,104.44444444444446,13.418803418803435
2017,SS Iyer,338,243,139.09465020576133,104,72,144.44444444444443,5.349794238683103
2017,SS Tiwary,52,43,120.93023255813952,52,43,120.93023255813952,0.0
2017,STR Binny,78,76,102.63157894736842,51,52,98.07692307692307,-4.554655870445359
2017,SV Samson,386,273,141.3919413919414,109,82,132.9268292682927,-8.465112123648709
2017,SW Billings,138,104,132.69230769230768,89,66,134.84848484848484,2.156177156177165
2017,TM Head,151,108,139.8148148148148,30,22,136.36363636363635,-3.451178451178464
2017,V Kohli,308,252,122.22222222222223,62,47,131.91489361702128,9.69267139479905
2017,V Shankar,101,75,134.66666666666666,101,75,134.66666666666666,0.0
2017,WP Saha,234,187,125.13368983957218,234,187,125.13368983957218,0.0
2017,YK Pathan,143,115,124.34782608695652,143,115,124.34782608695652,0.0
2017,Yuvraj Singh,252,177,142.3728813559322,252,177,142.3728813559322,0.0
2018,AD Hales,148,118,125.42372881355932,148,118,125.42372881355932,0.0
2018,AD Russell,316,171,184.7953216374269,316,171,184.7953216374269,0.0
2018,AJ Finch,134,100,134.0,134,100,134.0,0.0
2018,AJ Tye,32,38,84.21052631578947,32,38,84.21052631578947,0.0
2018,AM Rahane,370,313,118.21086261980831,352,293,120.13651877133107,1.9256561515227588
2018,AR Patel,80,69,115.94202898550725,80,69,115.94202898550725,0.0
2018,AT Rayudu,602,402,149.75124378109453,602,402,149.75124378109453,0.0
2018,BA Stokes,196,161,121.73913043478262,159,134,118.65671641791045,-3.0824140168721783
2018,BCJ Cutting,96,58,165.51724137931035,34,16,212.5,46.98275862068965
2018,CA Lynn,491,377,130.23872679045093,491,377,130.23872679045093,0.0
2018,CH Gayle,368,252,146.03174603174602,368,252,146.03174603174602,0.0
2018,CR Brathwaite,75,48,156.25,75,48,156.25,0.0
2018,DA Miller,74,64,115.625,74,64,115.625,0.0
2018,DJ Bravo,141,91,154.94505494505495,141,91,154.94505494505495,0.0
2018,DJ Hooda,87,81,107.40740740740742,87,81,107.40740740740742,0.0
2018,DJM Short,115,99,116.16161616161615,113,97,116.49484536082475,0.3332291992086027
2018,E Lewis,382,276,138.40579710144928,121,83,145.78313253012047,7.377335428671188
2018,F du Plessis,162,129,125.5813953488372,162,129,125.5813953488372,0.0
2018,G Gambhir,85,88,96.5909090909091,55,42,130.95238095238096,34.36147186147187
2018,H Klaasen,57,47,121.27659574468086,57,47,121.27659574468086,0.0
2018,HH Pandya,260,195,133.33333333333331,90,54,166.66666666666669,33.33333333333337
2018,Harbhajan Singh,29,36,80.55555555555556,29,36,80.55555555555556,0.0
2018,Ishan Kishan,275,184,149.45652173913044,74,32,231.25,81.79347826086956
2018,JC Buttler,548,353,155.24079320113316,320,196,163.26530612244898,8.024512921315818
2018,JD Unadkat,49,38,128.94736842105263,43,30,143.33333333333334,14.385964912280713
2018,K Gowtham,126,64,196.875,100,51,196.078431372549,-0.7965686274509949
2018,KD Karthik,498,337,147.77448071216617,498,337,147.77448071216617,0.0
2018,KH Pandya,228,157,145.22292993630572,25,20,125.0,-20.222929936305718
2018,KK Nair,301,221,136.19909502262445,301,221,136.19909502262445,0.0
2018,KL Rahul,659,416,158.41346153846155,659,416,158.41346153846155,0.0
2018,KS Williamson,735,516,142.4418604651163,735,516,142.4418604651163,0.0
2018,MA Agarwal,120,94,127.65957446808511,120,94,127.65957446808511,0.0
2018,MK Pandey,284,246,115.44715447154472,284,246,115.44715447154472,0.0
2018,MK Tiwary,47,44,106.81818181818181,47,44,106.81818181818181,0.0
2018,MP Stoinis,99,76,130.26315789473685,99,76,130.26315789473685,0.0
2018,MS Dhoni,455,302,150.66225165562915,455,302,150.66225165562915,0.0
2018,N Rana,304,232,131.0344827586207,304,232,131.0344827586207,0.0
2018,PP Chawla,27,34,79.41176470588235,27,34,79.41176470588235,0.0
2018,R Ashwin,102,71,143.66197183098592,102,71,143.66197183098592,0.0
2018,RA Jadeja,89,74,120.27027027027026,89,74,120.27027027027026,0.0
2018,RA Tripathi,226,167,135.32934131736528,215,154,139.6103896103896,4.281048293024327
2018,RG Sharma,286,215,133.02325581395348,47,43,109.30232558139534,-23.720930232558146
2018,RK Singh,29,31,93.54838709677419,29,31,93.54838709677419,0.0
2018,RR Pant,684,394,173.60406091370558,48,27,177.77777777777777,4.1737168640721904
2018,RV Uthappa,351,265,132.45283018867923,351,265,132.45283018867923,0.0
2018,Rashid Khan,59,31,190.3225806451613,59,31,190.3225806451613,0.0
2018,S Dhawan,497,363,136.9146005509642,497,363,136.9146005509642,0.0
2018,S Gopal,50,45,111.11111111111111,26,29,89.65517241379311,-21.455938697318004
2018,SA Yadav,512,384,133.33333333333331,133,102,130.3921568627451,-2.9411764705882035
2018,SK Raina,445,336,132.44047619047618,445,336,132.44047619047618,0.0
2018,SP Goswami,52,40,130.0,52,40,130.0,0.0
2018,SP Narine,357,188,189.8936170212766,357,188,189.8936170212766,0.0
2018,SR Watson,555,359,154.59610027855152,555,359,154.59610027855152,0.0
2018,STR Binny,44,39,112.82051282051282,11,15,73.33333333333333,-39.48717948717949
2018,SV Samson,441,320,137.8125,370,257,143.96887159533074,6.156371595330739
2018,SW Billings,108,78,138.46153846153845,108,78,138.46153846153845,0.0
2018,Shakib Al Hasan,239,197,121.31979695431471,239,197,121.31979695431471,0.0
2018,Shubman Gill,203,139,146.0431654676259,203,139,146.0431654676259,0.0
2018,V Shankar,212,148,143.24324324324326,16,16,100.0,-43.243243243243256
2018,WP Saha,122,102,119.6078431372549,122,102,119.6078431372549,0.0
2018,YK Pathan,260,200,130.0,260,200,130.0,0.0
2018,Yuvraj Singh,65,73,89.04109589041096,65,73,89.04109589041096,0.0
2019,AB de Villiers,442,287,154.00696864111498,79,51,154.90196078431373,0.8949921431987491
2019,AD Russell,510,249,204.81927710843374,392,180,217.77777777777777,12.958500669344033
2019,AR Patel,110,88,125.0,106,87,121.83908045977012,-3.1609195402298838
2019,AT Rayudu,282,303,93.06930693069307,282,303,93.06930693069307,0.0
2019,C Munro,84,70,120.0,84,70,120.0,0.0
2019,CA Ingram,184,154,119.48051948051948,162,133,121.80451127819549,2.3239917976760154
2019,CA Lynn,405,290,139.6551724137931,264,207,127.53623188405795,-12.118940529735156
2019,CH Gayle,490,319,153.6050156739812,448,277,161.73285198555956,8.127836311578363
2019,CH Morris,32,37,86.48648648648648,32,34,94.11764705882352,7.631160572337038
2019,DA Miller,213,164,129.8780487804878,213,164,129.8780487804878,0.0
2019,DA Warner,692,481,143.86694386694387,437,319,136.99059561128527,-6.876348255658598
2019,DJ Bravo,80,66,121.21212121212122,80,66,121.21212121212122,0.0
2019,DJ Hooda,64,63,101.58730158730158,48,43,111.62790697674419,10.040605389442604
2019,E Lewis,48,52,92.3076923076923,48,52,92.3076923076923,0.0
2019,F du Plessis,396,321,123.3644859813084,396,321,123.3644859813084,0.0
2019,HH Pandya,402,210,191.42857142857144,377,202,186.63366336633663,-4.794908062234811
2019,Ishan Kishan,101,100,101.0,101,100,101.0,0.0
2019,JM Bairstow,445,283,157.24381625441697,259,145,178.6206896551724,21.376873400755443
2019,KA Pollard,279,178,156.74157303370785,262,171,153.21637426900585,-3.5251987647019973
2019,KD Karthik,253,173,146.242774566474,117,98,119.38775510204083,-26.85501946443317
2019,KH Pandya,183,150,122.0,141,118,119.4915254237288,-2.5084745762711975
2019,KL Rahul,593,438,135.3881278538813,520,395,131.64556962025316,-3.742558233628131
2019,KM Jadhav,162,169,95.85798816568047,162,169,95.85798816568047,0.0
2019,KS Williamson,156,130,120.0,136,107,127.10280373831775,7.102803738317746
2019,M Vijay,64,61,104.91803278688525,64,61,104.91803278688525,0.0
2019,MA Agarwal,332,234,141.8803418803419,289,202,143.06930693069307,1.188965050351186
2019,MJ Guptill,81,53,152.83018867924528,81,53,152.83018867924528,0.0
2019,MK Pandey,344,263,130.79847908745248,335,254,131.88976377952756,1.091284692075078
2019,MM Ali,220,133,165.41353383458645,22,15,146.66666666666666,-18.74686716791979
2019,MS Dhoni,416,309,134.62783171521036,416,309,134.62783171521036,0.0
2019,Mandeep Singh,165,120,137.5,129,94,137.2340425531915,-0.26595744680849975
2019,Mohammad Nabi,115,76,151.3157894736842,115,76,151.3157894736842,0.0
2019,N Pooran,168,107,157.00934579439252,84,58,144.82758620689654,-12.181759587495975
2019,N Rana,344,235,146.38297872340425,297,196,151.53061224489795,5.147633521493702
2019,PA Patel,373,268,139.17910447761196,60,57,105.26315789473684,-33.91594658287512
2019,PP Chawla,42,37,113.51351351351352,42,37,113.51351351351352,0.0
2019,PP Shaw,353,264,133.71212121212122,325,242,134.29752066115702,0.5853994490358048
2019,Q de Kock,529,398,132.9145728643216,525,391,134.2710997442455,1.356526879923905
2019,RA Jadeja,106,88,120.45454545454545,106,88,120.45454545454545,0.0
2019,RG Sharma,405,315,128.57142857142858,392,297,131.986531986532,3.4151034151034025
2019,RK Singh,37,34,108.8235294117647,30,25,120.0,11.176470588235304
2019,RR Pant,488,300,162.66666666666666,470,286,164.33566433566432,1.6689976689976618
2019,RV Uthappa,282,245,115.10204081632654,220,184,119.56521739130434,4.463176574977808
2019,S Dhawan,521,384,135.67708333333331,521,383,136.0313315926893,0.3542482593559839
2019,SA Yadav,424,324,130.8641975308642,365,281,129.8932384341637,-0.9709590967005113
2019,SE Rutherford,73,54,135.1851851851852,73,54,135.1851851851852,0.0
2019,SK Raina,383,314,121.97452229299364,383,314,121.97452229299364,0.0
2019,SM Curran,95,55,172.72727272727272,34,24,141.66666666666669,-31.060606060606034
2019,SN Khan,180,143,125.87412587412588,180,143,125.87412587412588,0.0
2019,SP Narine,143,86,166.27906976744185,132,78,169.23076923076923,2.9516994633273725
2019,SR Watson,398,312,127.56410256410255,398,312,127.56410256410255,0.0
2019,SS Iyer,463,386,119.94818652849742,396,336,117.85714285714286,-2.091043671354555
2019,Shubman Gill,296,238,124.36974789915966,132,114,115.78947368421053,-8.580274214949128
2019,V Kohli,464,328,141.46341463414635,52,44,118.18181818181819,-23.28159645232816
2019,V Shankar,244,193,126.42487046632125,161,141,114.18439716312056,-12.240473303200687
2019,WP Saha,86,53,162.26415094339623,86,53,162.26415094339623,0.0
2019,YK Pathan,40,45,88.88888888888889,23,29,79.3103448275862,-9.57854406130268
2019,Yuvraj Singh,98,75,130.66666666666666,94,69,136.23188405797103,5.5652173913043725
2020,AB de Villiers,454,286,158.74125874125875,454,286,158.74125874125875,0.0
2020,AD Russell,117,81,144.44444444444443,106,70,151.42857142857142,6.984126984126988
2020,AJ Finch,268,241,111.20331950207469,268,241,111.20331950207469,0.0
2020,AM Rahane,113,107,105.60747663551402,113,107,105.60747663551402,0.0
2020,AR Patel,117,85,137.64705882352942,117,85,137.64705882352942,0.0
2020,AT Rayudu,359,282,127.30496453900709,129,92,140.2173913043478,12.912426765340726
2020,Abdul Samad,111,65,170.76923076923077,84,47,178.72340425531914,7.954173486088365
2020,Abhishek Sharma,71,56,126.78571428571428,22,19,115.78947368421053,-10.996240601503743
2020,BA Stokes,285,200,142.5,105,97,108.24742268041237,-34.25257731958763
2020,CH Gayle,288,210,137.14285714285714,182,131,138.93129770992368,1.7884405670665444
2020,CJ Jordan,29,31,93.54838709677419,11,17,64.70588235294117,-28.842504743833018
2020,D Padikkal,473,379,124.80211081794195,473,379,124.80211081794195,0.0
2020,DA Warner,548,407,134.64373464373466,320,246,130.0813008130081,-4.5624338307265475
2020,DJ Hooda,101,71,142.25352112676057,63,33,190.9090909090909,48.65556978233033
2020,EJG Morgan,418,302,138.41059602649005,360,253,142.29249011857706,3.881894092087009
2020,F du Plessis,449,319,140.75235109717866,241,172,140.11627906976744,-0.6360720274112168
2020,GJ Maxwell,108,106,101.88679245283019,42,46,91.30434782608695,-10.58244462674324
2020,Gurkeerat Singh,71,80,88.75,71,80,88.75,0.0
2020,HH Pandya,281,157,178.98089171974522,281,157,178.98089171974522,0.0
2020,Ishan Kishan,516,354,145.76271186440678,516,354,145.76271186440678,0.0
2020,JC Archer,113,63,179.36507936507937,105,50,210.0,30.634920634920633
2020,JC Buttler,328,227,144.49339207048456,242,173,139.88439306358381,-4.608999006900746
2020,JM Bairstow,345,272,126.83823529411764,197,141,139.7163120567376,12.878076762619955
2020,JO Holder,66,53,124.52830188679245,35,35,100.0,-24.52830188679245
2020,JR Philippe,78,77,101.29870129870129,78,77,101.29870129870129,0.0
2020,K Rabada,56,49,114.28571428571428,56,49,114.28571428571428,0.0
2020,KA Pollard,268,140,191.42857142857144,268,140,191.42857142857144,0.0
2020,KD Karthik,169,134,126.11940298507463,139,108,128.7037037037037,2.5843007186290663
2020,KH Pandya,109,92,118.4782608695652,109,92,118.4782608695652,0.0
2020,KL Nagarkoti,22,31,70.96774193548387,22,31,70.96774193548387,0.0
2020,KL Rahul,670,518,129.34362934362935,216,193,111.91709844559585,-17.42653089803349
2020,KM Jadhav,62,66,93.93939393939394,52,44,118.18181818181819,24.24242424242425
2020,KS Williamson,317,237,133.75527426160338,248,174,142.52873563218392,8.773461370580549
2020,M Vijay,32,43,74.4186046511628,32,43,74.4186046511628,0.0
2020,MA Agarwal,424,271,156.45756457564573,157,83,189.15662650602408,32.69906193037835
2020,MK Lomror,59,54,109.25925925925925,58,52,111.53846153846155,2.279202279202295
2020,MK Pandey,425,333,127.62762762762763,140,110,127.27272727272727,-0.35490035490036576
2020,MP Stoinis,352,237,148.52320675105486,352,237,148.52320675105486,0.0
2020,MS Dhoni,200,172,116.27906976744187,75,64,117.1875,0.9084302325581319
2020,Mandeep Singh,130,109,119.26605504587155,97,86,112.79069767441861,-6.475357371452944
2020,N Pooran,353,208,169.71153846153845,127,82,154.8780487804878,-14.83348968105065
2020,N Rana,352,254,138.58267716535434,302,223,135.42600896860986,-3.1566681967444765
2020,PJ Cummins,146,114,128.0701754385965,113,102,110.78431372549021,-17.285861713106286
2020,PK Garg,133,111,119.81981981981981,67,67,100.0,-19.819819819819813
2020,PP Shaw,228,167,136.52694610778445,228,167,136.52694610778445,0.0
2020,Q de Kock,503,358,140.50279329608938,503,358,140.50279329608938,0.0
2020,R Ashwin,37,34,108.8235294117647,37,34,108.8235294117647,0.0
2020,R Parag,86,77,111.68831168831169,44,44,100.0,-11.688311688311686
2020,R Tewatia,255,183,139.34426229508196,141,99,142.42424242424244,3.079980129160475
2020,RA Jadeja,232,135,171.85185185185185,91,59,154.23728813559322,-17.61456371625863
2020,RA Tripathi,230,181,127.0718232044199,230,181,127.0718232044199,0.0
2020,RG Sharma,332,260,127.69230769230768,332,260,127.69230769230768,0.0
2020,RR Pant,343,301,113.95348837209302,343,301,113.95348837209302,0.0
2020,RV Uthappa,196,164,119.51219512195121,129,113,114.15929203539822,-5.352903086552985
2020,Rashid Khan,35,30,116.66666666666667,29,24,120.83333333333333,4.166666666666657
2020,S Dhawan,618,427,144.73067915690868,618,427,144.73067915690868,0.0
2020,S Dube,129,105,122.85714285714286,129,105,122.85714285714286,0.0
2020,SA Yadav,480,331,145.01510574018127,480,331,145.01510574018127,0.0
2020,SM Curran,186,141,131.91489361702128,58,42,138.0952380952381,6.180344478216824
2020,SO Hetmyer,185,125,148.0,185,125,148.0,0.0
2020,SP Narine,121,85,142.35294117647058,112,73,153.42465753424656,11.071716357775983
2020,SPD Smith,311,237,131.22362869198312,236,182,129.67032967032966,-1.5532990216534586
2020,SR Watson,299,247,121.05263157894737,95,73,130.13698630136986,9.08435472242249
2020,SS Iyer,519,421,123.27790973871736,519,421,123.27790973871736,0.0
2020,SS Tiwary,103,80,128.75,103,80,128.75,0.0
2020,SV Samson,375,236,158.89830508474577,241,142,169.7183098591549,10.820004774409142
2020,Shubman Gill,440,373,117.96246648793564,363,300,121.0,3.037533512064357
2020,TK Curran,83,62,133.8709677419355,83,62,133.8709677419355,0.0
2020,V Kohli,466,384,121.35416666666667,466,384,121.35416666666667,0.0
2020,V Shankar,97,96,101.04166666666667,19,17,111.76470588235294,10.72303921568627
2020,WP Saha,214,153,139.86928104575162,58,45,128.88888888888889,-10.980392156862735
2020,Washington Sundar,111,95,116.8421052631579,111,95,116.8421052631579,0.0
2021,AB de Villiers,313,211,148.34123222748815,313,211,148.34123222748815,0.0
2021,AD Russell,183,120,152.5,119,77,154.54545454545453,2.0454545454545325
2021,AK Markram,146,119,122.6890756302521,26,20,130.0,7.3109243697478945
2021,AR Patel,40,46,86.95652173913044,40,46,86.95652173913044,0.0
2021,AT Rayudu,257,170,151.1764705882353,234,153,152.94117647058823,1.7647058823529278
2021,CA Lynn,49,35,140.0,49,35,140.0,0.0
2021,CH Gayle,193,154,125.32467532467533,178,133,133.8345864661654,8.509911141490079
2021,D Padikkal,411,328,125.30487804878048,411,328,125.30487804878048,0.0
2021,DA Miller,124,113,109.73451327433628,9,17,52.94117647058824,-56.79333680374804
2021,DJ Hooda,160,123,130.0813008130081,116,83,139.75903614457832,9.677735331570204
2021,E Lewis,151,93,162.36559139784944,42,25,168.0,5.6344086021505575
2021,EJG Morgan,133,139,95.68345323741008,79,89,88.76404494382022,-6.9194082935898535
2021,F du Plessis,633,458,138.20960698689956,597,422,141.46919431279622,3.2595873258966606
2021,GJ Maxwell,513,356,144.1011235955056,513,356,144.1011235955056,0.0
2021,HH Pandya,127,112,113.39285714285714,127,112,113.39285714285714,0.0
2021,HV Patel,59,46,128.26086956521738,59,46,128.26086956521738,0.0
2021,Harpreet Brar,64,58,110.34482758620689,29,19,152.63157894736844,42.28675136116155
2021,Ishan Kishan,241,180,133.88888888888889,241,180,133.88888888888889,0.0
2021,JC Buttler,254,166,153.0120481927711,57,43,132.5581395348837,-20.453908657887382
2021,KA Jamieson,65,55,118.18181818181819,65,55,118.18181818181819,0.0
2021,KA Pollard,245,165,148.4848484848485,245,165,148.4848484848485,0.0
2021,KD Karthik,223,170,131.1764705882353,172,130,132.3076923076923,1.1312217194569882
2021,KH Pandya,143,123,116.26016260162602,143,123,116.26016260162602,0.0
2021,KL Rahul,626,451,138.80266075388025,380,276,137.68115942028984,-1.1215013335904018
2021,KS Bharat,191,156,122.43589743589745,191,156,122.43589743589745,0.0
2021,LS Livingstone,42,41,102.4390243902439,30,26,115.38461538461537,12.945590994371472
2021,Lalit Yadav,68,73,93.15068493150685,68,73,93.15068493150685,0.0
2021,M Shahrukh Khan,153,114,134.21052631578948,107,84,127.38095238095238,-6.8295739348371
2021,M Vohra,42,39,107.6923076923077,21,20,105.0,-2.6923076923076934
2021,MA Agarwal,441,314,140.44585987261146,327,227,144.05286343612335,3.6070035635118813
2021,MC Henriques,31,32,96.875,16,20,80.0,-16.875
2021,MK Lomror,94,73,128.76712328767124,91,69,131.8840579710145,3.11693468334326
2021,MM Ali,357,260,137.30769230769232,275,205,134.14634146341464,-3.1613508442776777
2021,MP Stoinis,89,72,123.61111111111111,89,72,123.61111111111111,0.0
2021,MS Dhoni,114,107,106.54205607476635,114,105,108.57142857142857,2.0293724966622193
2021,N Pooran,85,76,111.8421052631579,60,55,109.09090909090908,-2.751196172248825
2021,N Rana,383,314,121.97452229299364,341,274,124.45255474452554,2.4780324515319023
2021,PJ Cummins,93,56,166.07142857142858,72,37,194.5945945945946,28.523166023166027
2021,PP Shaw,479,301,159.13621262458472,479,301,159.13621262458472,0.0
2021,Q de Kock,297,256,116.015625,297,256,116.015625,0.0
2021,R Ashwin,44,42,104.76190476190477,44,42,104.76190476190477,0.0
2021,R Parag,93,83,112.04819277108433,34,36,94.44444444444444,-17.603748326639888
2021,R Tewatia,155,147,105.44217687074831,71,59,120.33898305084745,14.896806180099134
2021,RA Jadeja,227,156,145.5128205128205,201,139,144.6043165467626,-0.9085039660579071
2021,RA Tripathi,397,283,140.2826855123675,227,166,136.74698795180723,-3.5356975605602656
2021,RD Gaikwad,635,466,136.26609442060084,625,442,141.4027149321267,5.1366205115258765
2021,RG Sharma,381,299,127.4247491638796,381,299,127.4247491638796,0.0
2021,RM Patidar,71,62,114.51612903225808,71,62,114.51612903225808,0.0
2021,RR Pant,419,326,128.5276073619632,419,326,128.5276073619632,0.0
2021,RV Uthappa,115,84,136.9047619047619,115,84,136.9047619047619,0.0
2021,S Dhawan,587,471,124.6284501061571,587,471,124.6284501061571,0.0
2021,S Dube,230,193,119.17098445595855,63,52,121.15384615384615,1.9828616978876
2021,SA Yadav,317,221,143.4389140271493,317,221,143.4389140271493,0.0
2021,SK Raina,160,128,125.0,98,83,118.07228915662651,-6.9277108433734895
2021,SO Hetmyer,242,144,168.05555555555557,242,144,168.05555555555557,0.0
2021,SP Narine,62,47,131.91489361702128,56,35,160.0,28.085106382978722
2021,SPD Smith,152,135,112.5925925925926,152,135,112.5925925925926,0.0
2021,SS Iyer,175,171,102.3391812865497,175,171,102.3391812865497,0.0
2021,SS Tiwary,115,97,118.55670103092784,115,97,118.55670103092784,0.0
2021,SV Samson,484,354,136.72316384180792,178,138,128.9855072463768,-7.737656595431105
2021,Shahbaz Ahmed,59,53,111.32075471698113,59,53,111.32075471698113,0.0
2021,Shakib Al Hasan,47,48,97.91666666666666,47,48,97.91666666666666,0.0
2021,Shubman Gill,478,402,118.90547263681593,354,294,120.40816326530613,1.5026906284901997
2021,V Kohli,405,339,119.46902654867257,405,339,119.46902654867257,0.0
2021,VR Iyer,370,288,128.47222222222223,276,231,119.48051948051948,-8.991702741702753
2021,Washington Sundar,31,47,65.95744680851064,31,47,65.95744680851064,0.0
2021,YBK Jaiswal,249,168,148.21428571428572,90,63,142.85714285714286,-5.357142857142861
2022,A Badoni,161,130,123.84615384615385,88,80,110.00000000000001,-13.84615384615384
2022,A Manohar,108,75,144.0,108,75,144.0,0.0
2022,AD Russell,335,192,174.47916666666669,179,101,177.22772277227722,2.7485561056105325
2022,AJ Finch,86,61,140.98360655737704,65,33,196.96969696969697,55.986090412319925
2022,AK Markram,381,274,139.05109489051094,177,129,137.2093023255814,-1.8417925649295341
2022,AM Rahane,133,128,103.90625,80,80,100.0,-3.90625
2022,AR Patel,182,120,151.66666666666666,83,54,153.7037037037037,2.037037037037038
2022,Abhishek Sharma,426,320,133.125,189,128,147.65625,14.53125
2022,Anuj Rawat,129,118,109.32203389830508,82,71,115.49295774647888,6.1709238481738
2022,B Sai Sudharsan,145,114,127.19298245614034,145,114,127.19298245614034,0.0
2022,D Padikkal,376,306,122.87581699346406,376,306,122.87581699346406,0.0
2022,DA Miller,481,337,142.7299703264095,481,337,142.7299703264095,0.0
2022,DA Warner,432,287,150.5226480836237,76,60,126.66666666666666,-23.855981416957036
2022,DJ Hooda,451,330,136.66666666666666,383,281,136.29893238434164,-0.36773428232501715
2022,DJ Mitchell,33,44,75.0,33,44,75.0,0.0
2022,E Lewis,73,56,130.35714285714286,8,24,33.33333333333333,-97.02380952380953
2022,F du Plessis,468,367,127.52043596730245,346,286,120.97902097902097,-6.541414988281474
2022,GJ Maxwell,301,178,169.1011235955056,301,178,169.1011235955056,0.0
2022,HH Pandya,487,371,131.26684636118597,487,371,131.26684636118597,0.0
2022,HV Patel,43,39,110.25641025641026,24,29,82.75862068965517,-27.49778956675509
2022,JC Buttler,863,579,149.05008635578582,863,579,149.05008635578582,0.0
2022,JM Sharma,234,143,163.63636363636365,49,28,175.0,11.363636363636346
2022,JO Holder,58,44,131.8181818181818,58,44,131.8181818181818,0.0
2022,K Rabada,48,43,111.62790697674419,38,29,131.0344827586207,19.406575781876512
2022,KD Karthik,330,180,183.33333333333331,240,136,176.47058823529412,-6.862745098039198
2022,KH Pandya,183,145,126.20689655172414,162,132,122.72727272727273,-3.4796238244514086
2022,KL Rahul,616,455,135.3846153846154,576,428,134.57943925233644,-0.8051761322789446
2022,KS Williamson,216,231,93.5064935064935,75,82,91.46341463414635,-2.0430788723471522
2022,Kuldeep Yadav,48,52,92.3076923076923,22,34,64.70588235294117,-27.601809954751133
2022,LS Livingstone,437,240,182.08333333333334,162,85,190.58823529411762,8.50490196078428
2022,Lalit Yadav,161,146,110.27397260273972,97,81,119.75308641975309,9.47911381701337
2022,M Shahrukh Khan,117,108,108.33333333333333,45,44,102.27272727272727,-6.060606060606062
2022,MA Agarwal,196,160,122.50000000000001,42,40,105.0,-17.500000000000014
2022,MK Lomror,86,57,150.87719298245614,86,57,150.87719298245614,0.0
2022,MK Pandey,88,80,110.00000000000001,77,69,111.59420289855073,1.5942028985507193
2022,MP Stoinis,156,106,147.16981132075472,156,106,147.16981132075472,0.0
2022,MR Marsh,251,189,132.8042328042328,177,131,135.1145038167939,2.3102710125610884
2022,MS Wade,157,138,113.76811594202898,157,138,113.76811594202898,0.0
2022,Mohammed Siraj,30,33,90.9090909090909,30,33,90.9090909090909,0.0
2022,N Pooran,306,212,144.33962264150944,183,116,157.75862068965517,13.418998048145738
2022,N Rana,361,251,143.82470119521912,141,98,143.87755102040816,0.052849825189042576
2022,OF Smith,51,44,115.90909090909092,37,28,132.14285714285714,16.233766233766218
2022,PBB Rajapaksa,206,129,159.68992248062014,83,36,230.55555555555554,70.8656330749354
2022,PP Shaw,283,185,152.97297297297297,72,54,133.33333333333331,-19.639639639639654
2022,PWH de Silva,38,43,88.37209302325581,34,40,85.0,-3.3720930232558146
2022,Q de Kock,508,341,148.97360703812316,440,287,153.31010452961672,4.33649749149356
2022,R Ashwin,191,135,141.48148148148147,191,135,141.48148148148147,0.0
2022,R Parag,183,132,138.63636363636365,183,132,138.63636363636365,0.0
2022,R Powell,250,167,149.7005988023952,68,63,107.93650793650794,-41.76409086588727
2022,R Tewatia,217,147,147.61904761904762,217,147,147.61904761904762,0.0
2022,RA Tripathi,413,261,158.2375478927203,137,91,150.54945054945054,-7.68809734326976
2022,RD Chahar,77,68,113.23529411764706,34,24,141.66666666666669,28.431372549019628
2022,RM Patidar,333,218,152.75229357798165,333,218,152.75229357798165,0.0
2022,RR Pant,340,224,151.78571428571428,124,82,151.21951219512195,-0.5662020905923271
2022,Rashid Khan,91,44,206.81818181818184,91,44,206.81818181818184,0.0
2022,S Dhawan,460,375,122.66666666666666,127,98,129.59183673469389,6.925170068027228
2022,SN Khan,91,67,135.82089552238804,42,23,182.6086956521739,46.787800129785865
2022,SN Thakur,120,87,137.93103448275863,55,44,125.0,-12.931034482758633
2022,SO Hetmyer,314,204,153.921568627451,314,204,153.921568627451,0.0
2022,SS Iyer,401,298,134.56375838926172,236,159,148.42767295597483,13.863914566713106
2022,SS Prabhudessai,67,59,113.55932203389831,67,59,113.55932203389831,0.0
2022,SV Samson,458,312,146.7948717948718,458,312,146.7948717948718,0.0
2022,SW Billings,169,138,122.46376811594205,95,81,117.28395061728396,-5.179817498658082
2022,Shahbaz Ahmed,219,181,120.99447513812154,147,135,108.88888888888889,-12.105586249232658
2022,Shashank Singh,69,47,146.80851063829786,58,35,165.71428571428572,18.90577507598786
2022,Shubman Gill,483,365,132.32876712328766,483,365,132.32876712328766,0.0
2022,UT Yadav,55,40,137.5,40,23,173.91304347826087,36.413043478260875
2022,V Kohli,341,294,115.98639455782313,283,252,112.3015873015873,-3.6848072562358283
2022,V Shankar,19,35,54.285714285714285,19,35,54.285714285714285,0.0
2022,VR Iyer,182,169,107.6923076923077,109,106,102.8301886792453,-4.862119013062397
2022,WP Saha,317,259,122.39382239382239,317,259,122.39382239382239,0.0
2022,YBK Jaiswal,258,194,132.98969072164948,258,194,132.98969072164948,0.0
2023,A Badoni,238,172,138.37209302325581,238,172,138.37209302325581,0.0
2023,A Manohar,114,83,137.34939759036143,114,83,137.34939759036143,0.0
2023,A Mishra,19,30,63.33333333333333,19,30,63.33333333333333,0.0
2023,AD Russell,227,156,145.5128205128205,24,17,141.1764705882353,-4.336349924585193
2023,AM Rahane,326,189,172.48677248677248,326,189,172.48677248677248,0.0
2023,AT Rayudu,158,113,139.8230088495575,119,87,136.7816091954023,-3.0413996541552137
2023,Anuj Rawat,91,71,128.16901408450704,38,27,140.74074074074073,12.571726656233693
2023,Atharva Taide,186,129,144.1860465116279,112,75,149.33333333333334,5.14728682170545
2023,B Sai Sudharsan,362,256,141.40625,362,256,141.40625,0.0
2023,C Green,452,282,160.2836879432624,186,105,177.14285714285714,16.85916919959473
2023,D Padikkal,261,200,130.5,210,170,123.52941176470588,-6.970588235294116
2023,DA Miller,259,178,145.5056179775281,259,178,145.5056179775281,0.0
2023,DJ Hooda,84,90,93.33333333333333,84,90,93.33333333333333,0.0
2023,DJ Willey,35,32,109.375,20,20,100.0,-9.375
2023,DP Conway,672,481,139.7089397089397,624,446,139.9103139013453,0.20137419240558074
2023,Dhruv Jurel,152,88,172.72727272727272,142,84,169.04761904761904,-3.6796536796536827
2023,F du Plessis,730,475,153.68421052631578,305,194,157.2164948453608,3.532284319045033
2023,GJ Maxwell,400,218,183.4862385321101,101,52,194.23076923076923,10.744530698659133
2023,HH Pandya,346,253,136.75889328063244,346,253,136.75889328063244,0.0
2023,Harpreet Brar,52,41,126.82926829268293,50,35,142.85714285714286,16.027874564459935
2023,Harpreet Singh,76,59,128.81355932203388,76,59,128.81355932203388,0.0
2023,Ishan Kishan,454,318,142.76729559748426,168,113,148.67256637168143,5.905270774197163
2023,JC Buttler,392,282,139.00709219858157,392,278,141.0071942446043,2.0001020460227323
2023,JM Sharma,309,198,156.06060606060606,260,162,160.49382716049382,4.43322109988776
2023,K Gowtham,61,37,164.86486486486487,61,37,164.86486486486487,0.0
2023,KD Karthik,140,104,134.6153846153846,50,39,128.2051282051282,-6.410256410256409
2023,KH Pandya,188,165,113.93939393939394,188,165,113.93939393939394,0.0
2023,KL Rahul,274,242,113.22314049586777,274,242,113.22314049586777,0.0
2023,KR Mayers,379,263,144.106463878327,379,263,144.106463878327,0.0
2023,LS Livingstone,279,171,163.1578947368421,172,105,163.8095238095238,0.6516290726816862
2023,M Shahrukh Khan,156,94,165.95744680851064,107,64,167.1875,1.230053191489361
2023,MG Bracewell,58,47,123.40425531914893,49,38,128.94736842105263,5.5431131019037
2023,MK Lomror,135,97,139.17525773195877,56,35,160.0,20.824742268041234
2023,MM Ali,124,91,136.26373626373626,82,61,134.4262295081967,-1.8375067555395503
2023,MP Stoinis,408,272,150.0,408,272,150.0,0.0
2023,MS Dhoni,104,57,182.45614035087718,78,47,165.95744680851064,-16.49869354236654
2023,MW Short,117,92,127.17391304347827,117,92,127.17391304347827,0.0
2023,N Jagadeesan,89,81,109.87654320987654,36,26,138.46153846153845,28.58499525166191
2023,N Pooran,358,207,172.94685990338164,358,207,172.94685990338164,0.0
2023,N Rana,413,293,140.9556313993174,80,51,156.86274509803923,15.907113698721815
2023,N Wadhera,241,166,145.18072289156626,174,127,137.00787401574803,-8.172848875818232
2023,P Simran Singh,358,238,150.42016806722688,231,152,151.9736842105263,1.5535161432994187
2023,PBB Rajapaksa,71,62,114.51612903225808,71,62,114.51612903225808,0.0
2023,PN Mankad,93,72,129.16666666666669,93,72,129.16666666666669,0.0
2023,Q de Kock,143,102,140.19607843137254,143,102,140.19607843137254,0.0
2023,R Ashwin,67,51,131.37254901960785,67,51,131.37254901960785,0.0
2023,R Parag,78,66,118.18181818181819,58,54,107.40740740740742,-10.774410774410768
2023,R Tewatia,87,57,152.63157894736844,87,57,152.63157894736844,0.0
2023,RA Jadeja,190,133,142.85714285714286,186,125,148.8,5.94285714285715
2023,RD Gaikwad,590,400,147.5,441,319,138.24451410658307,-9.255485893416932
2023,RG Sharma,332,250,132.8,148,108,137.03703703703704,4.237037037037027
2023,RK Singh,474,317,149.52681388012618,76,49,155.10204081632654,5.575226936200352
2023,Rahmanullah Gurbaz,227,170,133.52941176470588,8,15,53.333333333333336,-80.19607843137254
2023,Rashid Khan,130,60,216.66666666666666,130,60,216.66666666666666,0.0
2023,S Dhawan,373,261,142.911877394636,349,243,143.62139917695472,0.709521782318717
2023,S Dube,418,264,158.33333333333331,372,230,161.7391304347826,3.4057971014492807
2023,SA Yadav,605,334,181.1377245508982,338,189,178.83597883597884,-2.3017457149193774
2023,SM Curran,276,203,135.96059113300493,196,143,137.06293706293707,1.1023459299321416
2023,SN Thakur,113,70,161.42857142857144,25,18,138.88888888888889,-22.53968253968256
2023,SO Hetmyer,299,197,151.7766497461929,253,169,149.70414201183434,-2.0725077343585667
2023,SV Samson,362,236,153.38983050847457,360,233,154.50643776824035,1.1166072597657717
2023,Shubman Gill,890,564,157.80141843971631,890,564,157.80141843971631,0.0
2023,Sikandar Raza,139,98,141.83673469387753,128,91,140.65934065934067,-1.17739403453686
2023,T Stubbs,25,31,80.64516129032258,20,21,95.23809523809523,14.59293394777265
2023,TH David,231,146,158.2191780821918,54,43,125.5813953488372,-32.6377827333546
2023,Tilak Varma,343,209,164.11483253588517,69,36,191.66666666666669,27.551834130781515
2023,V Kohli,639,457,139.8249452954048,360,241,149.37759336099586,9.552648065591058
2023,V Shankar,301,188,160.1063829787234,301,188,160.1063829787234,0.0
2023,VR Iyer,404,277,145.84837545126354,114,62,183.8709677419355,38.02259229067195
2023,Vishnu Vinod,37,31,119.35483870967742,37,31,119.35483870967742,0.0
2023,WP Saha,371,287,129.26829268292684,371,287,129.26829268292684,0.0
2023,YBK Jaiswal,625,382,163.61256544502618,575,346,166.1849710982659,2.572405653239713
2024,A Badoni,235,171,137.4269005847953,204,146,139.72602739726028,2.2991268124649764
2024,A Raghuvanshi,163,105,155.23809523809524,163,105,155.23809523809524,0.0
2024,AD Russell,222,120,185.0,222,120,185.0,0.0
2024,AK Markram,220,177,124.29378531073448,93,81,114.81481481481481,-9.478970495919668
2024,AM Rahane,242,196,123.46938775510203,233,184,126.63043478260869,3.1610470275066547
2024,AR Patel,235,179,131.2849162011173,97,76,127.63157894736842,-3.6533372537488873
2024,Abdul Samad,182,108,168.5185185185185,138,83,166.26506024096386,-2.2534582775546426
2024,Abhishek Sharma,484,237,204.2194092827004,323,163,198.159509202454,-6.059900080246422
2024,Abishek Porel,327,205,159.51219512195124,114,78,146.15384615384613,-13.358348968105105
2024,Anuj Rawat,98,77,127.27272727272727,14,24,58.333333333333336,-68.93939393939394
2024,Arshad Khan,78,50,156.0,78,49,159.18367346938774,3.1836734693877418
2024,Azmatullah Omarzai,42,33,127.27272727272727,28,21,133.33333333333331,6.060606060606048
2024,B Sai Sudharsan,527,373,141.28686327077747,191,148,129.05405405405406,-12.23280921672341
2024,C Green,255,178,143.25842696629215,42,30,140.0,-3.2584269662921486
2024,D Padikkal,38,53,71.69811320754717,29,43,67.44186046511628,-4.256252742430888
2024,DA Miller,210,139,151.0791366906475,77,54,142.59259259259258,-8.486544098054907
2024,DJ Hooda,145,105,138.0952380952381,108,83,130.12048192771084,-7.974756167527261
2024,DJ Mitchell,318,223,142.60089686098652,266,191,139.2670157068063,-3.333881154180233
2024,Dhruv Jurel,195,141,138.29787234042556,195,141,138.29787234042556,0.0
2024,F du Plessis,438,271,161.62361623616238,27,19,142.10526315789474,-19.518353078267637
2024,GJ Maxwell,52,43,120.93023255813952,28,21,133.33333333333331,12.403100775193792
2024,H Klaasen,479,280,171.07142857142856,302,193,156.47668393782382,-14.594744633604734
2024,J Fraser-McGurk,330,141,234.04255319148936,117,44,265.90909090909093,31.866537717601574
2024,JC Buttler,359,255,140.7843137254902,359,255,140.7843137254902,0.0
2024,JM Bairstow,298,195,152.82051282051282,59,38,155.26315789473685,2.442645074224032
2024,JM Sharma,187,142,131.69014084507043,42,38,110.5263157894737,-21.16382505559673
2024,KD Karthik,326,174,187.35632183908046,24,16,150.0,-37.356321839080465
2024,KH Pandya,133,105,126.66666666666666,75,71,105.63380281690141,-21.03286384976525
2024,KL Rahul,520,382,136.12565445026178,392,288,136.11111111111111,-0.01454333915066286
2024,Kuldeep Yadav,47,41,114.6341463414634,41,36,113.88888888888889,-0.7452574525745206
2024,LS Livingstone,111,78,142.30769230769232,83,51,162.7450980392157,20.43740573152337
2024,MK Pandey,42,31,135.48387096774192,42,31,135.48387096774192,0.0
2024,MM Ali,128,98,130.6122448979592,128,98,130.6122448979592,0.0
2024,MP Stoinis,388,263,147.52851711026616,338,225,150.2222222222222,2.693705111956035
2024,MS Dhoni,161,73,220.54794520547944,156,71,219.71830985915494,-0.8296353463244941
2024,N Pooran,499,280,178.21428571428572,318,189,168.25396825396825,-9.96031746031747
2024,N Rana,42,34,123.52941176470588,42,34,123.52941176470588,0.0
2024,Nithish Kumar Reddy,303,212,142.9245283018868,289,204,141.66666666666669,-1.2578616352201095
2024,P Simran Singh,334,213,156.80751173708921,70,41,170.73170731707316,13.924195579983945
2024,PD Salt,435,239,182.0083682008368,435,239,182.0083682008368,0.0
2024,PJ Cummins,136,95,143.1578947368421,134,92,145.65217391304347,2.49427917620136
2024,Q de Kock,250,186,134.40860215053763,192,143,134.26573426573427,-0.14286788480336554
2024,R Ashwin,86,74,116.21621621621621,86,74,116.21621621621621,0.0
2024,R Parag,573,384,149.21875,573,384,149.21875,0.0
2024,R Powell,103,68,151.47058823529412,103,68,151.47058823529412,0.0
2024,R Ravindra,222,138,160.8695652173913,222,138,160.8695652173913,0.0
2024,R Tewatia,188,129,145.73643410852713,81,59,137.28813559322032,-8.448298515306817
2024,RA Jadeja,267,187,142.7807486631016,267,187,142.7807486631016,0.0
2024,RA Tripathi,165,115,143.47826086956522,145,95,152.63157894736844,9.15331807780322
2024,RD Gaikwad,583,413,141.16222760290557,485,359,135.0974930362117,-6.064734566693886
2024,RK Singh,168,113,148.67256637168143,168,113,148.67256637168143,0.0
2024,RM Patidar,395,223,177.13004484304932,32,25,128.0,-49.13004484304932
2024,RR Pant,446,287,155.4006968641115,89,62,143.5483870967742,-11.852309767337289
2024,Rahmanullah Gurbaz,62,46,134.7826086956522,62,46,134.7826086956522,0.0
2024,Ramandeep Singh,125,62,201.61290322580646,125,62,201.61290322580646,0.0
2024,Rasikh Salam,28,30,93.33333333333333,18,22,81.81818181818183,-11.515151515151501
2024,S Dhawan,152,121,125.6198347107438,137,103,133.0097087378641,7.389874027120285
2024,S Dube,396,244,162.29508196721312,357,224,159.375,-2.9200819672131217
2024,SD Hope,183,122,150.0,114,70,162.85714285714286,12.857142857142861
2024,SM Curran,270,219,123.28767123287672,86,65,132.3076923076923,9.020021074815574
2024,SO Hetmyer,113,69,163.76811594202897,113,69,163.76811594202897,0.0
2024,SP Narine,488,270,180.74074074074073,488,270,180.74074074074073,0.0
2024,SS Iyer,351,239,146.86192468619245,351,239,146.86192468619245,0.0
2024,SV Samson,531,346,153.46820809248555,531,346,153.46820809248555,0.0
2024,Sameer Rizvi,51,43,118.6046511627907,51,43,118.6046511627907,0.0
2024,Shahbaz Ahmed,215,166,129.5180722891566,159,122,130.327868852459,0.8097965633023989
2024,Shashank Singh,354,215,164.65116279069767,30,16,187.5,22.84883720930233
2024,Shubman Gill,426,289,147.40484429065742,183,124,147.58064516129033,0.17580087063291217
2024,T Kohler-Cadmore,48,54,88.88888888888889,48,54,88.88888888888889,0.0
2024,T Stubbs,378,198,190.9090909090909,112,61,183.60655737704917,-7.3025335320417355
2024,TM Head,567,296,191.55405405405406,455,234,194.44444444444443,2.8903903903903654
2024,Tanush Kotian,24,31,77.41935483870968,24,31,77.41935483870968,0.0
2024,V Kohli,741,479,154.6972860125261,105,75,140.0,-14.697286012526092
2024,V Shankar,83,72,115.27777777777777,57,55,103.63636363636364,-11.641414141414131
2024,VR Iyer,370,233,158.79828326180257,370,233,158.79828326180257,0.0
2024,WP Saha,136,115,118.26086956521739,76,58,131.0344827586207,12.773613193403307
2024,YBK Jaiswal,435,279,155.91397849462365,435,279,155.91397849462365,0.0
2025,A Badoni,329,222,148.19819819819818,171,114,150.0,1.8018018018018154
2025,A Raghuvanshi,300,215,139.53488372093022,81,52,155.76923076923077,16.23434704830055
2025,AD Russell,167,102,163.72549019607843,13,17,76.47058823529412,-87.25490196078431
2025,AK Markram,445,299,148.82943143812707,238,154,154.54545454545453,5.716023107327459
2025,AM Rahane,390,264,147.72727272727272,110,69,159.42028985507247,11.693017127799749
2025,AR Patel,263,167,157.48502994011977,263,167,157.48502994011977,0.0
2025,Abdul Samad,164,93,176.34408602150538,62,40,155.0,-21.344086021505376
2025,Abhishek Sharma,439,227,193.3920704845815,33,24,137.5,-55.892070484581495
2025,Abishek Porel,301,205,146.8292682926829,301,205,146.8292682926829,0.0
2025,Aniket Verma,236,142,166.19718309859155,123,63,195.23809523809524,29.04091213950369
2025,Ashutosh Sharma,204,127,160.62992125984252,204,127,160.62992125984252,0.0
2025,Azmatullah Omarzai,57,41,139.02439024390242,57,41,139.02439024390242,0.0
2025,B Sai Sudharsan,759,486,156.17283950617283,622,404,153.96039603960395,-2.2124434665688852
2025,C Bosch,47,32,146.875,47,32,146.875,0.0
2025,D Padikkal,247,164,150.609756097561,247,164,150.609756097561,0.0
2025,DA Miller,153,120,127.49999999999999,56,54,103.7037037037037,-23.79629629629629
2025,F du Plessis,202,163,123.92638036809815,202,163,123.92638036809815,0.0
2025,GJ Maxwell,48,49,97.95918367346938,48,49,97.95918367346938,0.0
2025,H Klaasen,487,282,172.69503546099293,125,71,176.05633802816902,3.3613025671760965
2025,HH Pandya,224,137,163.5036496350365,120,76,157.89473684210526,-5.60891279293125
2025,Harshit Rana,57,53,107.54716981132076,14,17,82.35294117647058,-25.194228634850177
2025,Ishan Kishan,354,232,152.58620689655174,110,58,189.6551724137931,37.06896551724137
2025,J Fraser-McGurk,55,52,105.76923076923077,55,52,105.76923076923077,0.0
2025,JC Buttler,538,330,163.03030303030303,445,273,163.003663003663,-0.02664002664002396
2025,JG Bethell,67,39,171.7948717948718,67,39,171.7948717948718,0.0
2025,JM Bairstow,85,46,184.7826086956522,85,46,184.7826086956522,0.0
2025,JM Sharma,261,148,176.35135135135135,261,148,176.35135135135135,0.0
2025,JP Inglis,278,171,162.5730994152047,278,171,162.5730994152047,0.0
2025,KH Pandya,109,86,126.74418604651163,109,86,126.74418604651163,0.0
2025,KK Nair,198,115,172.17391304347828,198,115,172.17391304347828,0.0
2025,KL Rahul,539,360,149.72222222222223,539,360,149.72222222222223,0.0
2025,LS Livingstone,112,84,133.33333333333331,112,84,133.33333333333331,0.0
2025,M Jansen,75,63,119.04761904761905,75,63,119.04761904761905,0.0
2025,M Shahrukh Khan,179,100,179.0,164,92,178.26086956521738,-0.7391304347826235
2025,MA Agarwal,95,64,148.4375,95,64,148.4375,0.0
2025,MP Stoinis,160,86,186.04651162790697,160,86,186.04651162790697,0.0
2025,MR Marsh,627,383,163.7075718015666,194,139,139.568345323741,-24.139226477825588
2025,MS Dhoni,196,145,135.17241379310346,46,29,158.6206896551724,23.448275862068954
2025,N Pooran,524,267,196.25468164794006,203,107,189.7196261682243,-6.535055479715766
2025,N Wadhera,369,253,145.8498023715415,369,253,145.8498023715415,0.0
2025,Naman Dhir,252,138,182.6086956521739,122,65,187.69230769230768,5.083612040133772
2025,Nithish Kumar Reddy,182,153,118.95424836601308,81,60,135.0,16.045751633986924
2025,P Simran Singh,599,370,161.89189189189187,599,370,161.89189189189187,0.0
2025,PD Salt,403,229,175.9825327510917,403,229,175.9825327510917,0.0
2025,PHKD Mendis,92,69,133.33333333333331,27,20,135.0,1.6666666666666856
2025,PJ Cummins,97,58,167.24137931034483,34,27,125.92592592592592,-41.3154533844189
2025,Priyansh Arya,545,299,182.2742474916388,545,299,182.2742474916388,0.0
2025,Q de Kock,152,117,129.9145299145299,17,18,94.44444444444444,-35.470085470085465
2025,R Ravindra,191,149,128.18791946308724,106,80,132.5,4.3120805369127595
2025,R Tewatia,99,59,167.79661016949152,93,57,163.1578947368421,-4.638715432649406
2025,RA Jadeja,301,222,135.5855855855856,74,59,125.42372881355932,-10.161856772026269
2025,RA Tripathi,55,57,96.49122807017544,30,25,120.0,23.50877192982456
2025,RD Gaikwad,122,81,150.6172839506173,116,74,156.75675675675674,6.139472806139452
2025,RD Rickelton,388,257,150.9727626459144,173,110,157.27272727272728,6.29996462681288
2025,RG Sharma,418,280,149.28571428571428,190,132,143.93939393939394,-5.34632034632034
2025,RK Singh,206,134,153.73134328358208,87,46,189.1304347826087,35.39909149902661
2025,RM Patidar,312,217,143.77880184331798,312,217,143.77880184331798,0.0
2025,RR Pant,269,202,133.16831683168317,91,80,113.75,-19.41831683168317
2025,S Dube,357,270,132.22222222222223,46,32,143.75,11.527777777777771
2025,SA Yadav,717,427,167.91569086651054,344,203,169.45812807881774,1.5424372123071919
2025,SE Rutherford,291,185,157.2972972972973,227,146,155.4794520547945,-1.8178452425027842
2025,SM Curran,114,84,135.71428571428572,12,22,54.54545454545454,-81.16883116883119
2025,SP Narine,246,144,170.83333333333331,37,22,168.1818181818182,-2.6515151515151274
2025,SS Iyer,604,345,175.07246376811594,604,345,175.07246376811594,0.0
2025,Sameer Rizvi,121,79,153.1645569620253,121,79,153.1645569620253,0.0
2025,Shashank Singh,350,228,153.50877192982458,350,228,153.50877192982458,0.0
2025,Shubman Gill,650,417,155.87529976019187,579,376,153.98936170212767,-1.8859380580641982
2025,T Stubbs,300,199,150.75376884422113,300,199,150.75376884422113,0.0
2025,TH David,187,101,185.14851485148515,187,101,185.14851485148515,0.0
2025,TM Head,374,230,162.6086956521739,140,73,191.7808219178082,29.17212626563429
2025,Tilak Varma,343,248,138.30645161290323,110,83,132.53012048192772,-5.776331130975507
2025,V Kohli,657,454,144.7136563876652,657,454,144.7136563876652,0.0
2025,V Nigam,142,79,179.74683544303798,142,79,179.74683544303798,0.0
2025,VR Iyer,142,102,139.2156862745098,108,67,161.19402985074626,21.978343576236455
2025,WG Jacks,233,172,135.46511627906978,120,77,155.84415584415586,20.37903956508609
2025,Washington Sundar,133,80,166.25,133,80,166.25,0.0
