player,archetype,old_team,season_before,score_before,new_team,season_after,score_after,delta,league_std,team_archetype_mean,classification,moved_toward_new_team_mean
A Mishra,Middle-Over Squeezer,Delhi Capitals,2010,0.14683282992092406,Deccan Chargers,2011,0.7025905907097396,0.5557577607888156,1.4532054773986787,0.4189051809161545,Stable,False
A Mishra,Middle-Over Squeezer,Sunrisers Hyderabad,2014,-0.014980740387138479,Delhi Capitals,2015,0.5121346012919868,0.5271153416791253,0.8373206168403796,0.17132840183960468,Stable,False
A Nehra,Middle-Over Squeezer,Mumbai Indians,2008,0.4776450090713641,Delhi Capitals,2009,0.4689767735241934,-0.008668235547170666,1.7033856820754156,1.2020625747546247,Stable,False
A Nehra,Middle-Over Squeezer,Delhi Capitals,2010,3.1912139743718715,Pune Warriors,2012,0.19707939897933532,-2.994134575392536,1.198262598756564,1.0264100162801202,Adaptable,True
A Nehra,Middle-Over Squeezer,Pune Warriors,2012,0.19707939897933532,Delhi Capitals,2013,1.6922674973762508,1.4951880983969155,1.4610915065970356,0.4539798105970126,Adaptable,False
A Nehra,Death Specialist,Chennai Super Kings,2015,0.4993503662534715,Sunrisers Hyderabad,2016,0.23477658082005246,-0.26457378543341903,1.0293195393612475,0.41858853368800714,Stable,False
A Nortje,Middle-Over Squeezer,Delhi Capitals,2024,-0.0745185375493265,Kolkata Knight Riders,2025,0.9092218457436438,0.9837403832929703,1.200295880613949,0.9092218457436438,Stable,True
A Symonds,Anchor,Deccan Chargers,2010,1.8148351352954615,Mumbai Indians,2011,1.6648225473033587,-0.15001258799210282,0.7737106731511492,1.2677122060040982,Stable,True
A Zampa,Middle-Over Squeezer,Rising Pune Supergiant,2017,-0.038417293241269836,Royal Challengers Bengaluru,2020,0.936786626442756,0.9752039196840259,1.7015359340307288,1.2741782390489518,Stable,True
AB Dinda,Middle-Over Squeezer,Kolkata Knight Riders,2010,0.9970654017946121,Delhi Capitals,2011,1.5674786826353553,0.5704132808407432,1.4532054773986787,0.5787482555655916,Stable,False
AB Dinda,Middle-Over Squeezer,Pune Warriors,2013,0.3231528359854467,Royal Challengers Bengaluru,2014,0.9157415109728267,0.5925886749873801,0.8439624218059659,0.9984495743241091,Stable,True
AB McDonald,Death Specialist,Delhi Capitals,2011,3.2741876955412366,Royal Challengers Bengaluru,2012,2.487643415037907,-0.7865442805033296,1.319884648203072,1.3827085682704012,Stable,True
AB de Villiers,Anchor,Delhi Capitals,2010,0.730992145221486,Royal Challengers Bengaluru,2011,1.4696918110645643,0.7386996658430782,0.7737106731511492,1.1346882219970975,Stable,True
AD Mathews,Death Specialist,Kolkata Knight Riders,2010,0.7470108917165724,Pune Warriors,2012,0.4087089969646177,-0.3383018947519547,1.319884648203072,0.7577832999751527,Stable,False
AF Milne,Middle-Over Squeezer,Mumbai Indians,2021,0.4708782455645197,Chennai Super Kings,2022,5.045925261138438,4.575047015573919,1.0812241852825197,1.6736596062427829,Adaptable,False
AG Murtaza,Middle-Over Squeezer,Mumbai Indians,2011,0.857360038738534,Pune Warriors,2012,3.876518624544675,3.019158585806141,1.198262598756564,1.0264100162801202,Adaptable,False
AJ Finch,Powerplay Aggressor,Delhi Capitals,2012,0.6032111348832332,Pune Warriors,2013,0.9512385853321454,0.34802745044891226,0.8175819915004204,0.26160959808814854,Stable,False
AJ Finch,Powerplay Aggressor,Pune Warriors,2013,0.9512385853321454,Sunrisers Hyderabad,2014,0.3451455657551504,-0.6060930195769951,0.7766621442845983,0.23462097252388972,Stable,True
AJ Finch,Powerplay Aggressor,Sunrisers Hyderabad,2014,0.3451455657551504,Mumbai Indians,2015,-0.2942100419454264,-0.6393556077005768,0.5405043552103314,0.1267507769960791,Adaptable,False
AJ Finch,Powerplay Aggressor,Royal Challengers Bengaluru,2020,0.4063677555207381,Kolkata Knight Riders,2022,0.07302921102790902,-0.33333854449282907,0.8853818056430386,-0.23513566190400276,Stable,True
AJ Tye,Death Specialist,Punjab Kings,2019,-0.30305732149389514,Rajasthan Royals,2020,-1.333896492532983,-1.0308391710390878,1.1685464989120908,0.14506120257687014,Stable,False
AJ Tye,Death Specialist,Rajasthan Royals,2020,-1.333896492532983,Lucknow Super Giants,2022,-0.3294228078649603,1.0044736846680227,1.1629921003502353,0.3750862150481389,Stable,True
AK Markram,Anchor,Punjab Kings,2021,2.2489413151027957,Sunrisers Hyderabad,2022,2.6043904491640184,0.3554491340612227,0.7534865848885228,2.05255362466462,Stable,False
AM Rahane,Anchor,Rajasthan Royals,2015,0.8922280859425262,Rising Pune Supergiant,2016,0.6792538336518104,-0.21297425229071587,0.5728056927342756,1.5383457656782815,Stable,False
AM Rahane,Powerplay Aggressor,Rising Pune Supergiant,2017,0.253201823223991,Rajasthan Royals,2018,0.333707174568091,0.08050535134410003,0.44629537274048015,0.5395001312072553,Stable,True
AM Rahane,Powerplay Aggressor,Rajasthan Royals,2019,0.5546638097775299,Delhi Capitals,2020,0.12474670086359946,-0.4299171089139305,0.7393470022780508,0.6091763863068802,Stable,False
AM Rahane,Powerplay Aggressor,Delhi Capitals,2021,0.18305346117747945,Kolkata Knight Riders,2022,-0.045443472229452817,-0.22849693340693228,0.8853818056430386,-0.23513566190400276,Stable,True
AM Rahane,Powerplay Aggressor,Chennai Super Kings,2024,0.2792022206027503,Kolkata Knight Riders,2025,1.0527681182447508,0.7735658976420006,1.045410959606985,0.6712273327594452,Stable,True
AN Ahmed,Middle-Over Squeezer,Mumbai Indians,2013,2.228008017050913,Royal Challengers Bengaluru,2014,0.7248767493929441,-1.503131267657969,0.8439624218059659,0.9984495743241091,Adaptable,True
AP Tare,Powerplay Aggressor,Mumbai Indians,2015,-0.07883179979670255,Sunrisers Hyderabad,2016,-0.7036255465749579,-0.6247937467782554,0.9056031481890515,-0.009852175662262541,Stable,False
AP Tare,Powerplay Aggressor,Sunrisers Hyderabad,2016,-0.7036255465749579,Delhi Capitals,2017,-0.5631385357699268,0.14048701080503112,0.5566253329225781,0.23640958433896822,Stable,True
AR Patel,Middle-Over Squeezer,Punjab Kings,2018,0.22425349684050744,Delhi Capitals,2019,0.6602014983081451,0.4359480014676377,1.2196324318120157,0.560418218029835,Stable,True
AS Joseph,Death Specialist,Mumbai Indians,2019,1.306581477828553,Gujarat Titans,2022,0.44180032737950936,-0.8647811504490436,1.1629921003502353,0.6443393932791499,Stable,True
AS Joseph,Death Specialist,Gujarat Titans,2023,0.015693221638747916,Royal Challengers Bengaluru,2024,-0.39146804801334506,-0.407161269652093,1.192730667767415,0.7042783976909163,Stable,False
AS Rajpoot,Middle-Over Squeezer,Kolkata Knight Riders,2017,0.575746039074167,Punjab Kings,2018,-0.6722050828064745,-1.2479511218806416,1.4113279201609845,0.2758982936596463,Stable,False
AS Rajpoot,Death Specialist,Punjab Kings,2019,0.10756482119040305,Rajasthan Royals,2020,-0.8485363205167039,-0.9561011417071069,1.1685464989120908,0.14506120257687014,Stable,False
AS Roy,Death Specialist,Mumbai Indians,2019,2.4891732487593305,Kolkata Knight Riders,2022,2.5073370722081756,0.01816382344884504,1.1629921003502353,1.4101272286562592,Stable,False
Abdul Samad,Death Specialist,Sunrisers Hyderabad,2024,0.511046851005215,Lucknow Super Giants,2025,0.27977020073094844,-0.23127665027426653,1.1237425393337022,0.44928498197680156,Stable,False
Abhishek Sharma,Death Specialist,Delhi Capitals,2018,0.9726031653659856,Sunrisers Hyderabad,2019,2.4891732487593305,1.5165700833933449,1.0948862151118541,0.5904893030297182,Adaptable,False
Akash Deep,Death Specialist,Royal Challengers Bengaluru,2024,-2.1761939237716477,Lucknow Super Giants,2025,-0.4660152009915039,1.7101787227801437,1.1237425393337022,0.44928498197680156,Adaptable,True
Akash Singh,Death Specialist,Chennai Super Kings,2023,0.04768117484465556,Lucknow Super Giants,2025,2.3390285336008994,2.291347358756244,1.1237425393337022,0.44928498197680156,Adaptable,False
Aman Hakim Khan,Death Specialist,Kolkata Knight Riders,2022,2.5073370722081756,Delhi Capitals,2023,-0.10346197352003175,-2.6107990457282075,0.9939108606197922,-0.08046301071527918,Adaptable,True
Ankit Sharma,Death Specialist,Sunrisers Hyderabad,2013,2.5509406417161324,Rajasthan Royals,2014,2.7190042028341375,0.16806356111800502,1.1350879016139053,1.4601403456861157,Stable,False
Anmolpreet Singh,Powerplay Aggressor,Mumbai Indians,2022,0.4153519864636829,Sunrisers Hyderabad,2023,0.4157195891159102,0.0003676026522273501,0.8676617843262627,0.3288656205249437,Stable,False
Anureet Singh,Death Specialist,Punjab Kings,2017,-0.22289187345400524,Rajasthan Royals,2018,2.7742769656421578,2.997168839096163,1.2677842702626976,0.8819233633043585,Adaptable,False
Ashutosh Sharma,Death Specialist,Punjab Kings,2024,0.32039375585746943,Delhi Capitals,2025,0.2930033144529909,-0.02739044140447855,1.1237425393337022,0.9139373923409763,Stable,False
Atharva Taide,Powerplay Aggressor,Punjab Kings,2024,0.5344406733391096,Sunrisers Hyderabad,2025,0.43844286398733584,-0.09599780935177377,1.045410959606985,0.5720171617291643,Stable,False
Avesh Khan,Middle-Over Squeezer,Delhi Capitals,2021,0.7800674308696683,Lucknow Super Giants,2022,0.788355396240116,0.008287965370447625,1.0812241852825197,0.859346394913993,Stable,True
Azmatullah Omarzai,Middle-Over Squeezer,Gujarat Titans,2024,2.5363386262670935,Punjab Kings,2025,-0.08584919985644777,-2.6221878261235414,1.200295880613949,0.2827804275331557,Adaptable,True
B Kumar,Death Specialist,Pune Warriors,2013,0.20660824262803185,Sunrisers Hyderabad,2014,0.3621803083661974,0.15557206573816557,1.1350879016139053,1.08263808768847,Stable,True
B Laughlin,Middle-Over Squeezer,Chennai Super Kings,2013,0.44220628480203855,Rajasthan Royals,2018,-0.3431820745008972,-0.7853883593029358,1.4113279201609845,1.1914239062308545,Stable,False
BA Stokes,Middle-Over Squeezer,Rising Pune Supergiant,2017,0.4434139612412168,Rajasthan Royals,2018,0.3831132967742616,-0.0603006644669552,1.4113279201609845,1.1914239062308545,Stable,False
BB McCullum,Powerplay Aggressor,Kochi Tuskers Kerala,2011,0.8672537646276048,Kolkata Knight Riders,2012,-0.05033586083043698,-0.9175896254580418,0.7576166990013617,0.5889315500030632,Adaptable,False
BB McCullum,Powerplay Aggressor,Chennai Super Kings,2015,1.0318612276221704,Gujarat Lions,2016,0.8967806730927832,-0.13508055452938716,0.9056031481890515,0.2286491788867154,Stable,True
BB McCullum,Powerplay Aggressor,Gujarat Lions,2017,0.658182886814687,Royal Challengers Bengaluru,2018,0.40521763622796964,-0.2529652505867173,0.44629537274048015,0.4924552585140086,Stable,True
BB Sran,Death Specialist,Rajasthan Royals,2015,2.3831776507891598,Sunrisers Hyderabad,2016,0.3395734429581422,-2.0436042078310175,1.0293195393612475,0.41858853368800714,Adaptable,True
BB Sran,Death Specialist,Sunrisers Hyderabad,2017,2.1759052179297695,Punjab Kings,2018,-0.607069299945313,-2.7829745178750827,1.2677842702626976,0.1663946261688762,Adaptable,True
BB Sran,Death Specialist,Punjab Kings,2018,-0.607069299945313,Mumbai Indians,2019,2.4891732487593305,3.0962425487046437,1.0948862151118541,1.388323831438635,Adaptable,True
BCJ Cutting,Middle-Over Squeezer,Sunrisers Hyderabad,2017,0.2262996369322407,Mumbai Indians,2018,-0.09781417184239254,-0.32411380877463325,1.4113279201609845,1.3890813182381738,Stable,False
BJ Hodge,Anchor,Kolkata Knight Riders,2010,0.4516562572272047,Kochi Tuskers Kerala,2011,1.7698768918023053,1.3182206345751006,0.7737106731511492,1.7698768918023053,Adaptable,True
Bipul Sharma,Death Specialist,Punjab Kings,2013,2.5509406417161324,Sunrisers Hyderabad,2015,2.3831776507891598,-0.16776299092697267,1.1051135794778315,0.8192607954626597,Stable,True
C Munro,Powerplay Aggressor,Kolkata Knight Riders,2016,0.3175831117561779,Delhi Capitals,2018,1.0488677570926497,0.7312846453364718,0.44629537274048015,0.47633638423472946,Adaptable,False
C Sakariya,Death Specialist,Rajasthan Royals,2021,-0.31411182425310186,Delhi Capitals,2022,0.17354880207708523,0.4876606263301871,1.1629921003502353,0.7390551911926461,Stable,True
C de Grandhomme,Middle-Over Squeezer,Kolkata Knight Riders,2017,-0.3430838820842582,Royal Challengers Bengaluru,2018,0.12596802922227102,0.46905191130652923,1.4113279201609845,0.3829245415099962,Stable,True
CA Lynn,Anchor,Deccan Chargers,2012,-1.3298217948142104,Kolkata Knight Riders,2014,1.3938547529486367,2.723676547762847,0.7233391811102918,1.2340532348564563,Adaptable,True
CH Gayle,Powerplay Aggressor,Royal Challengers Bengaluru,2017,-0.11255067095269576,Punjab Kings,2018,0.6544129164849172,0.766963587437613,0.44629537274048015,0.5233264088486105,Adaptable,True
CH Morris,Middle-Over Squeezer,Rajasthan Royals,2015,1.591402296471477,Delhi Capitals,2016,0.8086528162144594,-0.7827494802570175,1.3110164993660076,0.5294590680180784,Stable,True
CJ Jordan,Middle-Over Squeezer,Royal Challengers Bengaluru,2016,0.3549704118365346,Sunrisers Hyderabad,2017,3.6014404966445013,3.246470084807967,1.2910329372059233,1.008140302351698,Adaptable,False
CJ Jordan,Middle-Over Squeezer,Sunrisers Hyderabad,2018,2.4602478851553924,Punjab Kings,2020,0.6055550417867355,-1.854692843368657,1.7015359340307288,0.5694275152063394,Adaptable,True
CJ Jordan,Death Specialist,Chennai Super Kings,2022,-0.5553289138160735,Mumbai Indians,2023,-0.33297546830564656,0.22235344551042696,0.9939108606197922,0.5572861661155749,Stable,True
CM Gautam,Powerplay Aggressor,Mumbai Indians,2014,0.4782704259496663,Delhi Capitals,2015,-0.11887395185815533,-0.5971443778078216,0.5405043552103314,0.5083105522267185,Adaptable,False
CR Brathwaite,Death Specialist,Sunrisers Hyderabad,2018,-0.13888289394089395,Kolkata Knight Riders,2019,2.4891732487593305,2.6280561427002245,1.0948862151118541,1.0272922722614142,Adaptable,False
CR Woakes,Middle-Over Squeezer,Kolkata Knight Riders,2017,0.6065238387208132,Royal Challengers Bengaluru,2018,-0.29844649003829704,-0.9049703287591102,1.4113279201609845,0.3829245415099962,Stable,False
CR Woakes,Middle-Over Squeezer,Royal Challengers Bengaluru,2018,-0.29844649003829704,Delhi Capitals,2021,4.048638818381241,4.347085308419539,1.2174283949400617,1.1750569479653874,Adaptable,False
D Brevis,Anchor,Mumbai Indians,2024,1.1705368292692886,Chennai Super Kings,2025,2.370310225887533,1.1997733966182444,0.8208687618887055,1.7112819377831114,Adaptable,False
D Padikkal,Powerplay Aggressor,Rajasthan Royals,2023,0.5104936119138391,Lucknow Super Giants,2024,-0.5003476746671665,-1.0108412865810057,0.9372180975229045,0.6469229788132028,Adaptable,False
D Wiese,Death Specialist,Royal Challengers Bengaluru,2016,-0.6385306036640319,Kolkata Knight Riders,2023,2.2868378992581984,2.9253685029222303,0.9939108606197922,0.1367850796582583,Adaptable,False
DA Miller,Anchor,Gujarat Titans,2024,1.0624184924112108,Lucknow Super Giants,2025,0.3419903863732638,-0.7204281060379469,0.8208687618887055,0.9308212788365801,Stable,False
DJ Bravo,Middle-Over Squeezer,Gujarat Lions,2016,0.5653500874589387,Chennai Super Kings,2018,0.2753619400019904,-0.2899881474569483,1.4113279201609845,0.8213361190925648,Stable,False
DJ Hooda,Death Specialist,Rajasthan Royals,2015,-0.11651284762875547,Sunrisers Hyderabad,2016,-0.019633184989554957,0.0968796626392005,1.0293195393612475,0.41858853368800714,Stable,True
DJ Hooda,Death Specialist,Lucknow Super Giants,2024,1.4745716861240914,Chennai Super Kings,2025,-0.8056328008618059,-2.2802044869858973,1.1237425393337022,0.7070262304935193,Adaptable,False
DJ Hussey,Anchor,Punjab Kings,2013,1.6138377693697679,Chennai Super Kings,2014,3.1905355476457693,1.5766977782760014,0.7233391811102918,1.6602652511769946,Adaptable,False
DJ Mitchell,Anchor,Rajasthan Royals,2022,2.831824071286841,Chennai Super Kings,2024,0.43443963945162223,-2.397384431835219,0.8222307183833092,1.1803751487479743,Adaptable,True
DL Chahar,Middle-Over Squeezer,Chennai Super Kings,2024,0.06660887671102089,Mumbai Indians,2025,-0.10115798517337254,-0.16776686188439344,1.200295880613949,0.5696536636328268,Stable,False
DP Nannes,Death Specialist,Delhi Capitals,2010,0.41887659146321127,Royal Challengers Bengaluru,2011,1.1216582905384593,0.702781699075248,1.1903010835643815,0.24523483823753522,Stable,False
DR Smith,Powerplay Aggressor,Chennai Super Kings,2015,0.362128263194091,Gujarat Lions,2016,0.8723890097151833,0.5102607465210922,0.9056031481890515,0.2286491788867154,Stable,False
DS Kulkarni,Death Specialist,Rajasthan Royals,2015,-0.0364170265961279,Gujarat Lions,2016,0.17364507790616632,0.21006210450229423,1.0293195393612475,0.8203575535608533,Stable,True
DS Kulkarni,Death Specialist,Gujarat Lions,2017,-0.22780246610143015,Rajasthan Royals,2018,1.317697035850632,1.545499501952062,1.2677842702626976,0.8819233633043585,Adaptable,True
DS Kulkarni,Death Specialist,Rajasthan Royals,2019,-1.304975349643582,Mumbai Indians,2020,2.625620700231399,3.930596049874981,1.1685464989120908,0.8726555682749075,Adaptable,True
DT Christian,Middle-Over Squeezer,Deccan Chargers,2012,0.6299546019870222,Royal Challengers Bengaluru,2013,1.5136873241513633,0.8837327221643411,1.4610915065970356,0.4244066270132833,Stable,False
DT Christian,Middle-Over Squeezer,Royal Challengers Bengaluru,2013,1.5136873241513633,Rising Pune Supergiant,2017,0.4052843794927394,-1.1084029446586239,1.2910329372059233,1.2124480442272931,Stable,False
DT Christian,Middle-Over Squeezer,Rising Pune Supergiant,2017,0.4052843794927394,Delhi Capitals,2018,1.1991304564954202,0.7938460770026807,1.4113279201609845,0.9571620251228247,Stable,True
DW Steyn,Middle-Over Squeezer,Royal Challengers Bengaluru,2010,0.7389302756090523,Deccan Chargers,2011,1.0212335719454926,0.28230329633644025,1.4532054773986787,0.4189051809161545,Stable,False
DW Steyn,Middle-Over Squeezer,Deccan Chargers,2012,1.7894417529004696,Sunrisers Hyderabad,2013,0.9941813656789633,-0.7952603872215063,1.4610915065970356,0.5693417305320002,Stable,True
DW Steyn,Middle-Over Squeezer,Gujarat Lions,2016,3.637713012619895,Royal Challengers Bengaluru,2019,4.274517468199094,0.636804455579199,1.2196324318120157,1.629919098161248,Stable,False
E Lewis,Powerplay Aggressor,Mumbai Indians,2019,-0.02291442262405796,Rajasthan Royals,2021,1.311456014070378,1.3343704366944358,1.0432296969890416,0.20184155826448308,Adaptable,False
EJG Morgan,Anchor,Sunrisers Hyderabad,2016,0.500882985489468,Punjab Kings,2017,-0.00607456846641341,-0.5069575539558814,0.9550964636345142,0.9192600901284091,Stable,False
EJG Morgan,Anchor,Punjab Kings,2017,-0.00607456846641341,Kolkata Knight Riders,2020,1.3250801712688371,1.3311547397352506,0.5227084250317967,1.4315210701807464,Adaptable,True
F du Plessis,Death Specialist,Chennai Super Kings,2021,0.7768388647240777,Royal Challengers Bengaluru,2022,0.4828417473666808,-0.2939971173573969,1.1629921003502353,1.5171567286586776,Stable,False
F du Plessis,Powerplay Aggressor,Royal Challengers Bengaluru,2024,0.743597100957642,Delhi Capitals,2025,0.10186633003563889,-0.641730770922003,1.045410959606985,-0.284987963031658,Stable,True
FA Allen,Death Specialist,Punjab Kings,2021,1.97100194439268,Mumbai Indians,2022,2.5073370722081756,0.5363351278154955,1.1629921003502353,1.004716277276404,Stable,False
GC Smith,Powerplay Aggressor,Rajasthan Royals,2010,0.5887645111420623,Pune Warriors,2011,-0.15657620138827755,-0.7453407125303398,0.9995911517532282,-0.15532767758773244,Stable,True
GD Phillips,Death Specialist,Rajasthan Royals,2021,0.6740593016433765,Sunrisers Hyderabad,2023,0.802844961549905,0.12878565990652857,0.9939108606197922,0.6510006387016406,Stable,False
GH Vihari,Powerplay Aggressor,Sunrisers Hyderabad,2015,0.4342082734906632,Delhi Capitals,2019,-1.428718044884527,-1.86292631837519,1.2077052479228771,0.12654806211564754,Adaptable,False
GJ Maxwell,Death Specialist,Delhi Capitals,2012,2.795633699196913,Mumbai Indians,2013,0.662050583943332,-2.1335831152535807,1.2795370062652185,0.6916812522911479,Adaptable,True
HV Patel,Middle-Over Squeezer,Royal Challengers Bengaluru,2023,-0.05739650758888327,Punjab Kings,2024,0.09013011242107866,0.14752662000996192,1.4936126135837626,1.4463431805214588,Stable,True
Harbhajan Singh,Death Specialist,Mumbai Indians,2017,2.1759052179297695,Chennai Super Kings,2018,2.7742769656421578,0.5983717477123882,1.2677842702626976,0.8609042155494661,Stable,False
Harpreet Singh,Death Specialist,Pune Warriors,2012,-0.7521870306111231,Punjab Kings,2023,2.288523381606805,3.040710412217928,0.9939108606197922,1.2536168002812496,Adaptable,True
I Sharma,Middle-Over Squeezer,Kolkata Knight Riders,2010,-0.3194237417517436,Deccan Chargers,2011,-0.23513018264119134,0.08429355911055225,1.4532054773986787,0.4189051809161545,Stable,True
I Sharma,Middle-Over Squeezer,Deccan Chargers,2011,-0.23513018264119134,Sunrisers Hyderabad,2013,-0.4762060346402398,-0.24107585199904846,1.4610915065970356,0.5693417305320002,Stable,False
I Sharma,Death Specialist,Punjab Kings,2017,-2.4764322350338426,Delhi Capitals,2019,0.1310289436295057,2.6074611786633484,1.0948862151118541,1.246902103087178,Adaptable,True
I Sharma,Death Specialist,Delhi Capitals,2024,-0.1838390476157207,Gujarat Titans,2025,-0.02280662754239236,0.16103242007332835,1.1237425393337022,0.6403113011515239,Stable,True
IK Pathan,Middle-Over Squeezer,Rising Pune Supergiant,2016,0.6807856886933098,Gujarat Lions,2017,3.6014404966445013,2.9206548079511916,1.2910329372059233,1.0462181305279799,Adaptable,False
Iqbal Abdulla,Death Specialist,Rajasthan Royals,2014,2.7190042028341375,Royal Challengers Bengaluru,2015,0.5079917758155618,-2.211012427018576,1.1051135794778315,1.2456638887672211,Adaptable,True
J Botha,Death Specialist,Rajasthan Royals,2012,0.6910334241103732,Delhi Capitals,2013,1.2513650726564245,0.5603316485460513,1.2795370062652185,0.43902085719877126,Stable,False
J Botha,Death Specialist,Delhi Capitals,2013,1.2513650726564245,Kolkata Knight Riders,2015,-0.6413156959424499,-1.8926807685988742,1.1051135794778315,0.053232316039521,Adaptable,True
J Suchith,Death Specialist,Mumbai Indians,2016,2.505375260478671,Delhi Capitals,2019,2.4891732487593305,-0.016202011719340437,1.0948862151118541,1.246902103087178,Stable,True
J Suchith,Death Specialist,Delhi Capitals,2019,2.4891732487593305,Sunrisers Hyderabad,2021,1.97100194439268,-0.5181713043666505,0.9751747362563874,0.6568844050286113,Stable,True
J Theron,Middle-Over Squeezer,Deccan Chargers,2012,2.2532366132658486,Rajasthan Royals,2015,1.859597074431911,-0.39363953883393754,0.8373206168403796,0.9254970123605484,Stable,True
J Yadav,Death Specialist,Delhi Capitals,2017,2.1759052179297695,Mumbai Indians,2019,2.4891732487593305,0.313268030829561,1.0948862151118541,1.388323831438635,Stable,False
J Yadav,Death Specialist,Mumbai Indians,2021,1.97100194439268,Gujarat Titans,2023,1.6150908819341356,-0.3559110624585444,0.9939108606197922,0.8938101715584289,Stable,True
JA Morkel,Middle-Over Squeezer,Delhi Capitals,2015,0.2638381455673266,Rising Pune Supergiant,2016,3.637713012619895,3.3738748670525687,1.3110164993660076,1.5471693411200809,Adaptable,False
JC Archer,Middle-Over Squeezer,Rajasthan Royals,2020,1.6360533051610215,Mumbai Indians,2023,0.3362659207068518,-1.2997873844541696,1.3989386959834587,-0.5801715740051241,Stable,True
JC Archer,Middle-Over Squeezer,Mumbai Indians,2023,0.3362659207068518,Rajasthan Royals,2025,-0.0029266127231066777,-0.3391925334299585,1.200295880613949,-0.13279390336850797,Stable,True
JC Buttler,Powerplay Aggressor,Mumbai Indians,2017,1.1019277778551502,Rajasthan Royals,2018,1.6695636385117585,0.5676358606566083,0.44629537274048015,0.5395001312072553,Adaptable,False
JD Unadkat,Death Specialist,Kolkata Knight Riders,2012,-0.5922594265521512,Royal Challengers Bengaluru,2013,0.13228611041056476,0.7245455369627161,1.2795370062652185,1.0844919241075388,Stable,True
JD Unadkat,Middle-Over Squeezer,Kolkata Knight Riders,2016,3.637713012619895,Rising Pune Supergiant,2017,0.6013152880113807,-3.0363977246085145,1.2910329372059233,1.2124480442272931,Adaptable,True
JD Unadkat,Middle-Over Squeezer,Rising Pune Supergiant,2017,0.6013152880113807,Rajasthan Royals,2018,0.05856101733970954,-0.5427542706716711,1.4113279201609845,1.1914239062308545,Stable,False
JJ Roy,Death Specialist,Gujarat Lions,2017,0.7857199377472683,Delhi Capitals,2018,0.3453381614396035,-0.44038177630766484,1.2677842702626976,0.43142655501505683,Stable,True
JJ Roy,Powerplay Aggressor,Sunrisers Hyderabad,2021,0.4800015014124527,Kolkata Knight Riders,2023,0.606703604754161,0.12670210334170828,0.8676617843262627,-0.0229701447868765,Stable,False
JM Bairstow,Powerplay Aggressor,Sunrisers Hyderabad,2021,1.2106938700805332,Punjab Kings,2022,1.1641141363238918,-0.04657973375664137,0.8853818056430386,0.820187625406575,Stable,True
JM Bairstow,Powerplay Aggressor,Punjab Kings,2024,0.5288951837999548,Mumbai Indians,2025,1.383472526743061,0.8545773429431062,1.045410959606985,0.5082696419554914,Stable,False
JM Sharma,Death Specialist,Punjab Kings,2024,0.2740466498857495,Royal Challengers Bengaluru,2025,0.4258032576345843,0.15175660774883482,1.1237425393337022,0.2507595329385014,Stable,False
JO Holder,Death Specialist,Chennai Super Kings,2013,2.5509406417161324,Sunrisers Hyderabad,2014,2.7190042028341375,0.16806356111800502,1.1350879016139053,1.08263808768847,Stable,False
JO Holder,Middle-Over Squeezer,Kolkata Knight Riders,2016,0.3497011620760477,Sunrisers Hyderabad,2020,0.6055550417867355,0.2558538797106878,1.7015359340307288,2.337644416052312,Stable,True
JO Holder,Death Specialist,Lucknow Super Giants,2022,-0.019592296140660367,Rajasthan Royals,2023,-0.13145136310842803,-0.11185906696776766,0.9939108606197922,0.49251974176638924,Stable,False
JP Duminy,Anchor,Mumbai Indians,2010,1.1364894596833326,Deccan Chargers,2011,0.3119187660155158,-0.8245706936678168,0.7737106731511492,0.8165876769657586,Adaptable,False
JP Duminy,Anchor,Deccan Chargers,2012,1.657293522159786,Delhi Capitals,2014,2.1100901516025257,0.4527966294427397,0.7233391811102918,0.9778624589877687,Stable,False
JP Duminy,Anchor,Delhi Capitals,2016,1.7751782455132055,Mumbai Indians,2018,0.3206163413899522,-1.4545619041232531,1.0604737894922027,0.4000317612213619,Adaptable,True
JR Hazlewood,Middle-Over Squeezer,Chennai Super Kings,2021,0.11120919327077503,Royal Challengers Bengaluru,2022,1.4553746750741865,1.3441654818034114,1.0812241852825197,0.6404590243321948,Adaptable,False
K Gowtham,Middle-Over Squeezer,Punjab Kings,2020,0.053502400693368084,Lucknow Super Giants,2022,0.7442028198633924,0.6907004191700243,1.0812241852825197,0.859346394913993,Stable,True
KA Jamieson,Middle-Over Squeezer,Royal Challengers Bengaluru,2021,0.3383685947194559,Punjab Kings,2025,-0.03800924574105888,-0.3763778404605148,1.200295880613949,0.2827804275331557,Stable,False
KC Cariappa,Death Specialist,Kolkata Knight Riders,2015,2.3831776507891598,Punjab Kings,2016,1.1954144837525449,-1.1877631670366149,1.0293195393612475,0.3780916336932245,Adaptable,True
KC Cariappa,Death Specialist,Punjab Kings,2017,0.08235336409614412,Kolkata Knight Riders,2019,2.4891732487593305,2.4068198846631863,1.0948862151118541,1.0272922722614142,Adaptable,False
KD Karthik,Anchor,Delhi Capitals,2010,0.89309504948207,Punjab Kings,2011,0.8393760043964651,-0.05371904508560488,0.7737106731511492,1.1852675647193975,Stable,False
KD Karthik,Anchor,Punjab Kings,2011,0.8393760043964651,Mumbai Indians,2012,0.47852140583316427,-0.3608545985633008,0.7783359279057045,0.8224997147222493,Stable,False
KD Karthik,Anchor,Mumbai Indians,2013,1.1145215340696186,Delhi Capitals,2014,0.7910675760767107,-0.3234539579929079,0.7233391811102918,0.9778624589877687,Stable,False
KD Karthik,Anchor,Gujarat Lions,2017,1.8792544179990553,Kolkata Knight Riders,2018,1.9258155661228986,0.046561148123843266,1.0604737894922027,0.835654447268101,Stable,False
KD Karthik,Death Specialist,Kolkata Knight Riders,2021,0.15243369954207472,Royal Challengers Bengaluru,2022,0.8442601931724695,0.6918264936303947,1.1629921003502353,1.5171567286586776,Stable,True
KH Pandya,Middle-Over Squeezer,Lucknow Super Giants,2024,1.0940164525263472,Royal Challengers Bengaluru,2025,0.5934781485820763,-0.5005383039442709,1.200295880613949,1.381430334012013,Stable,False
KK Ahmed,Middle-Over Squeezer,Delhi Capitals,2024,0.19009536418882453,Chennai Super Kings,2025,2.172196634389914,1.9821012702010894,1.200295880613949,2.1875864393228617,Adaptable,True
KK Nair,Death Specialist,Punjab Kings,2020,0.5828865664970461,Rajasthan Royals,2022,-1.292510336463079,-1.8753969029601252,1.1629921003502353,0.21540218153180024,Adaptable,False
KL Nagarkoti,Death Specialist,Kolkata Knight Riders,2021,1.97100194439268,Delhi Capitals,2022,2.5073370722081756,0.5363351278154955,1.1629921003502353,0.7390551911926461,Stable,False
KL Rahul,Anchor,Lucknow Super Giants,2024,0.6450704971030767,Delhi Capitals,2025,2.0498389485545307,1.404768451451454,0.8208687618887055,2.1589932265293603,Adaptable,True
KM Asif,Middle-Over Squeezer,Chennai Super Kings,2021,-0.19167000866079917,Rajasthan Royals,2023,0.5789112967684469,0.7705813054292461,1.3989386959834587,0.860159346294387,Stable,True
KM Jadhav,Death Specialist,Delhi Capitals,2010,0.3450984354445342,Kochi Tuskers Kerala,2011,-1.3771283333038298,-1.7222267687483641,1.1903010835643815,0.730453637482583,Adaptable,False
KM Jadhav,Death Specialist,Kochi Tuskers Kerala,2011,-1.3771283333038298,Delhi Capitals,2013,0.099921233448833,1.4770495667526629,1.2795370062652185,0.43902085719877126,Adaptable,True
KM Jadhav,Anchor,Chennai Super Kings,2020,1.2718816874986154,Sunrisers Hyderabad,2021,1.1194545389086257,-0.15242714858998974,0.8370311308788915,1.419340282490339,Stable,False
KM Jadhav,Anchor,Sunrisers Hyderabad,2021,1.1194545389086257,Royal Challengers Bengaluru,2023,1.7397623049230642,0.6203077660144385,0.7688734150033311,1.4116729264734227,Stable,False
KP Pietersen,Anchor,Royal Challengers Bengaluru,2010,2.163568606056552,Delhi Capitals,2012,1.7099808558066323,-0.45358775024991993,0.7783359279057045,1.6417188202426356,Stable,True
KV Sharma,Death Specialist,Mumbai Indians,2017,2.1759052179297695,Chennai Super Kings,2018,0.1443409812963473,-2.031564236633422,1.2677842702626976,0.8609042155494661,Adaptable,True
Kamran Khan,Death Specialist,Rajasthan Royals,2010,3.222609799051041,Pune Warriors,2011,3.2741876955412366,0.051577896490195396,1.1903010835643815,1.648885785777822,Stable,False
Kuldeep Yadav,Death Specialist,Kolkata Knight Riders,2020,0.9226025528058583,Delhi Capitals,2022,0.5901276413702616,-0.3324749114355967,1.1629921003502353,0.7390551911926461,Stable,True
L Balaji,Middle-Over Squeezer,Kolkata Knight Riders,2013,0.5612597336186304,Punjab Kings,2014,0.4212282650613129,-0.14003146855731746,0.8439624218059659,0.28025712281684556,Stable,True
L Ngidi,Death Specialist,Chennai Super Kings,2021,-0.5594931685372125,Royal Challengers Bengaluru,2025,-0.04904924044398439,0.5104439280932281,1.1237425393337022,0.2507595329385014,Stable,True
LA Pomersbach,Powerplay Aggressor,Punjab Kings,2009,0.27356241981527624,Royal Challengers Bengaluru,2011,0.527043706356776,0.25348128654149976,0.9995911517532282,0.4158329465992982,Stable,True
LA Pomersbach,Powerplay Aggressor,Royal Challengers Bengaluru,2011,0.527043706356776,Punjab Kings,2013,0.9833309182655612,0.4562872119087852,0.8175819915004204,0.8081225867684476,Stable,True
LR Shukla,Death Specialist,Kolkata Knight Riders,2013,2.5509406417161324,Delhi Capitals,2014,2.7190042028341375,0.16806356111800502,1.1350879016139053,1.6574578043938106,Stable,False
LRPL Taylor,Anchor,Royal Challengers Bengaluru,2010,0.8705096859967458,Rajasthan Royals,2011,0.8150779422956324,-0.05543174370111348,0.7737106731511492,0.9776124481119061,Stable,False
LRPL Taylor,Anchor,Rajasthan Royals,2011,0.8150779422956324,Delhi Capitals,2012,1.4694241646571626,0.6543462223615303,0.7783359279057045,1.6417188202426356,Stable,True
LRPL Taylor,Anchor,Delhi Capitals,2012,1.4694241646571626,Pune Warriors,2013,1.6958589441308103,0.22643477947364765,0.6683029293221584,1.72890013487427,Stable,True
LRPL Taylor,Anchor,Pune Warriors,2013,1.6958589441308103,Delhi Capitals,2014,0.44958545806187783,-1.2462734860689324,0.7233391811102918,0.9778624589877687,Adaptable,True
LS Livingstone,Powerplay Aggressor,Rajasthan Royals,2021,-0.1556872662016752,Punjab Kings,2022,1.8410643586592386,1.9967516248609138,0.8853818056430386,0.820187625406575,Adaptable,False
LS Livingstone,Death Specialist,Punjab Kings,2024,0.33614277244980145,Royal Challengers Bengaluru,2025,1.2255250787824878,0.8893823063326864,1.1237425393337022,0.2507595329385014,Stable,False
M Ashwin,Death Specialist,Mumbai Indians,2022,1.7830579538916302,Rajasthan Royals,2023,-0.17623449759669874,-1.959292451488329,0.9939108606197922,0.49251974176638924,Adaptable,True
M Kaif,Death Specialist,Punjab Kings,2010,-0.5577145598650792,Royal Challengers Bengaluru,2011,-0.26821500866646386,0.28949955119861537,1.1903010835643815,0.24523483823753522,Stable,True
M Kartik,Death Specialist,Pune Warriors,2012,-0.28426914239314544,Royal Challengers Bengaluru,2013,0.7700407878194955,1.0543099302126409,1.2795370062652185,1.0844919241075388,Stable,True
M Kartik,Death Specialist,Royal Challengers Bengaluru,2013,0.7700407878194955,Punjab Kings,2014,0.36767407035796446,-0.402366717461531,1.1350879016139053,0.48860348248744245,Stable,True
M Markande,Death Specialist,Mumbai Indians,2019,2.4891732487593305,Rajasthan Royals,2021,1.97100194439268,-0.5181713043666505,0.9751747362563874,1.009638297618685,Stable,True
M Markande,Death Specialist,Rajasthan Royals,2021,1.97100194439268,Mumbai Indians,2022,2.5073370722081756,0.5363351278154955,1.1629921003502353,1.004716277276404,Stable,False
M Morkel,Middle-Over Squeezer,Delhi Capitals,2013,0.1399936839599211,Kolkata Knight Riders,2014,0.012314972828049511,-0.12767871113187157,0.8439624218059659,0.07357827010309362,Stable,True
M Muralitharan,Middle-Over Squeezer,Kochi Tuskers Kerala,2011,-0.08348601758400591,Royal Challengers Bengaluru,2012,1.0087204046187486,1.0922064222027545,1.198262598756564,1.224674886476378,Stable,True
M Theekshana,Middle-Over Squeezer,Chennai Super Kings,2024,1.3239258401213854,Rajasthan Royals,2025,0.20018336790714125,-1.1237424722142442,1.200295880613949,-0.13279390336850797,Stable,True
M Vijay,Powerplay Aggressor,Chennai Super Kings,2013,0.6207853701951269,Delhi Capitals,2014,-0.1444531725682015,-0.7652385427633284,0.7766621442845983,0.3845518437023851,Stable,False
M Vijay,Powerplay Aggressor,Delhi Capitals,2014,-0.1444531725682015,Punjab Kings,2015,0.42833192175512536,0.5727850943233268,0.5405043552103314,0.540005279943803,Adaptable,True
M Vijay,Powerplay Aggressor,Punjab Kings,2016,0.7074195052244981,Chennai Super Kings,2018,0.18632650563040892,-0.5210929995940892,0.44629537274048015,0.2547960742593561,Adaptable,True
M Vohra,Powerplay Aggressor,Royal Challengers Bengaluru,2018,0.24342853969933784,Rajasthan Royals,2021,0.30030986680872535,0.05688132710938751,1.0432296969890416,0.20184155826448308,Stable,False
M Vohra,Powerplay Aggressor,Rajasthan Royals,2021,0.30030986680872535,Lucknow Super Giants,2022,1.196394416449074,0.8960845496403487,0.8853818056430386,0.35482302130141624,Adaptable,False
MA Agarwal,Powerplay Aggressor,Delhi Capitals,2016,0.2961377299312243,Rising Pune Supergiant,2017,-0.20458904476083362,-0.5007267746920578,0.5566253329225781,0.6057488115934231,Stable,False
MA Agarwal,Powerplay Aggressor,Rising Pune Supergiant,2017,-0.20458904476083362,Punjab Kings,2018,0.3922399012123039,0.5968289459731375,0.44629537274048015,0.5233264088486105,Adaptable,True
MA Agarwal,Powerplay Aggressor,Punjab Kings,2022,0.5074955592847823,Sunrisers Hyderabad,2023,0.2979294026683337,-0.20956615661644862,0.8676617843262627,0.3288656205249437,Stable,True
MA Starc,Middle-Over Squeezer,Kolkata Knight Riders,2024,0.06660887671102089,Delhi Capitals,2025,0.9092218457436438,0.842612969032623,1.200295880613949,0.3679469363238137,Stable,False
MA Wood,Middle-Over Squeezer,Chennai Super Kings,2018,1.0809006975585478,Lucknow Super Giants,2023,2.4715452300488905,1.3906445324903427,1.3989386959834587,0.9881265363082462,Stable,False
MC Henriques,Middle-Over Squeezer,Delhi Capitals,2010,0.5582356872791602,Royal Challengers Bengaluru,2013,-1.9388626915297948,-2.497098378808955,1.4610915065970356,0.4244066270132833,Adaptable,False
MC Henriques,Middle-Over Squeezer,Royal Challengers Bengaluru,2013,-1.9388626915297948,Sunrisers Hyderabad,2014,0.8584820824988617,2.7973447740286566,0.8439624218059659,0.4217506710558616,Adaptable,True
MJ Guptill,Powerplay Aggressor,Mumbai Indians,2016,-0.2678511622008955,Punjab Kings,2017,0.8001437852662304,1.067994947467126,0.5566253329225781,0.6941298566094449,Adaptable,True
MJ Guptill,Powerplay Aggressor,Punjab Kings,2017,0.8001437852662304,Sunrisers Hyderabad,2019,0.9706936931094213,0.1705499078431909,1.2077052479228771,1.027237869536696,Stable,True
MJ Henry,Middle-Over Squeezer,Punjab Kings,2017,3.6014404966445013,Lucknow Super Giants,2024,0.5605548266222354,-3.040885670022266,1.4936126135837626,1.6203713050694912,Adaptable,True
MJ Lumb,Powerplay Aggressor,Rajasthan Royals,2010,1.0483949736354006,Deccan Chargers,2011,-1.8379116501666528,-2.8863066238020534,0.9995911517532282,-0.09515855130960049,Adaptable,False
MK Pandey,Anchor,Pune Warriors,2013,0.5295002353490623,Kolkata Knight Riders,2014,1.1484228531159428,0.6189226177668805,0.7233391811102918,1.2340532348564563,Stable,True
MK Pandey,Anchor,Kolkata Knight Riders,2017,2.834066573495295,Sunrisers Hyderabad,2018,0.6887576899410155,-2.1453088835542795,1.0604737894922027,1.08423850483809,Adaptable,True
MK Pandey,Anchor,Delhi Capitals,2023,0.9827480937666511,Kolkata Knight Riders,2024,3.416831475479829,2.4340833817131777,0.8222307183833092,1.9311806060949737,Adaptable,False
MK Tiwary,Anchor,Delhi Capitals,2015,1.4089372487903513,Rising Pune Supergiant,2017,0.2892033042150697,-1.1197339445752816,0.9550964636345142,1.01495260980511,Adaptable,False
MK Tiwary,Anchor,Rising Pune Supergiant,2017,0.2892033042150697,Punjab Kings,2018,0.8339356053410982,0.5447323011260286,1.0604737894922027,1.3241321744052899,Stable,True
MP Stoinis,Death Specialist,Delhi Capitals,2021,0.8875245480417553,Lucknow Super Giants,2022,0.11787389738077193,-0.7696506506609834,1.1629921003502353,0.3750862150481389,Stable,True
MR Marsh,Middle-Over Squeezer,Pune Warriors,2013,0.2781055850818716,Rising Pune Supergiant,2016,0.7607026433940285,0.4825970583121569,1.3110164993660076,1.5471693411200809,Stable,True
MR Marsh,Middle-Over Squeezer,Rising Pune Supergiant,2016,0.7607026433940285,Sunrisers Hyderabad,2020,5.242797226971024,4.482094583576995,1.7015359340307288,2.337644416052312,Adaptable,False
MS Bisla,Powerplay Aggressor,Punjab Kings,2010,0.5528511425923519,Kolkata Knight Riders,2011,-0.038489096290130725,-0.5913402388824827,0.9995911517532282,0.7906279516675851,Stable,False
MS Bisla,Powerplay Aggressor,Kolkata Knight Riders,2014,-1.0201582329839531,Royal Challengers Bengaluru,2015,0.6185690152736029,1.6387272482575561,0.5405043552103314,0.5165965903313908,Adaptable,True
MS Dhoni,Anchor,Rising Pune Supergiant,2017,0.9186770196245988,Chennai Super Kings,2018,1.5228486770244323,0.6041716573998335,1.0604737894922027,1.940802129739679,Stable,True
MS Gony,Death Specialist,Punjab Kings,2013,0.11223093187569268,Gujarat Lions,2017,2.1759052179297695,2.0636742860540767,1.1256175985686103,0.9066850076366737,Adaptable,False
MV Boucher,Death Specialist,Royal Challengers Bengaluru,2010,-0.09627680670683254,Kolkata Knight Riders,2011,-0.21870994953086728,-0.12243314282403474,1.1903010835643815,0.47397923334895753,Stable,False
Mandeep Singh,Powerplay Aggressor,Punjab Kings,2014,0.06436880337709316,Royal Challengers Bengaluru,2015,0.7887481615347773,0.7243793581576842,0.5405043552103314,0.5165965903313908,Adaptable,True
Mandeep Singh,Powerplay Aggressor,Punjab Kings,2021,0.2919344092636363,Delhi Capitals,2022,-0.3495197927973732,-0.6414542020610094,0.8853818056430386,0.26194624578032155,Stable,False
Mandeep Singh,Powerplay Aggressor,Delhi Capitals,2022,-0.3495197927973732,Kolkata Knight Riders,2023,-0.9317130454670631,-0.5821932526696899,0.8676617843262627,-0.0229701447868765,Stable,False
Mohammad Nabi,Death Specialist,Sunrisers Hyderabad,2021,1.2808669135936184,Mumbai Indians,2024,0.35069518745050365,-0.9301717261431147,1.192730667767415,0.4621606788868729,Stable,True
Mohammed Shami,Death Specialist,Delhi Capitals,2018,-0.550525048012412,Punjab Kings,2019,0.09263310691097404,0.643158154923386,1.0948862151118541,0.4419167881352611,Stable,True
Mohammed Shami,Death Specialist,Punjab Kings,2021,-0.2098247529323544,Gujarat Titans,2022,-0.11386354646122668,0.09596120647112771,1.1629921003502353,0.6443393932791499,Stable,True
Mohammed Shami,Middle-Over Squeezer,Gujarat Titans,2023,0.5127352851152845,Sunrisers Hyderabad,2025,-1.1957361353334732,-1.7084714204487579,1.200295880613949,0.09507987105396647,Adaptable,False
Mohammed Siraj,Middle-Over Squeezer,Sunrisers Hyderabad,2017,1.1906255968500294,Royal Challengers Bengaluru,2018,0.7743791003148045,-0.41624649653522494,1.4113279201609845,0.3829245415099962,Stable,True
Mohammed Siraj,Death Specialist,Royal Challengers Bengaluru,2024,0.42358621950498876,Gujarat Titans,2025,-0.1277770791487609,-0.5513632986537497,1.1237425393337022,0.6403113011515239,Stable,False
Mustafizur Rahman,Death Specialist,Sunrisers Hyderabad,2017,0.780203982040686,Mumbai Indians,2018,-0.0001609958655104862,-0.7803649779061964,1.2677842702626976,0.8953107452893567,Stable,False
Mustafizur Rahman,Middle-Over Squeezer,Rajasthan Royals,2021,0.23236087404340527,Delhi Capitals,2022,1.2992637800279148,1.0669029059845094,1.0812241852825197,0.5281705711629963,Stable,False
N Rana,Anchor,Mumbai Indians,2017,1.4772030798246818,Kolkata Knight Riders,2018,0.6640176822638985,-0.8131853975607833,1.0604737894922027,0.835654447268101,Stable,True
N Wadhera,Anchor,Mumbai Indians,2024,0.9048741984207558,Punjab Kings,2025,2.6954099035450336,1.7905357051242778,0.8208687618887055,1.8898950254970295,Adaptable,True
ND Doshi,Death Specialist,Royal Challengers Bengaluru,2010,2.880239737398402,Rajasthan Royals,2011,-0.3133613127967254,-3.1936010501951273,1.1903010835643815,0.6417579338854733,Adaptable,True
NLTC Perera,Middle-Over Squeezer,Mumbai Indians,2012,-0.9933274092918042,Sunrisers Hyderabad,2013,0.47196964700618665,1.4652970562979908,1.4610915065970356,0.5693417305320002,Adaptable,True
NLTC Perera,Middle-Over Squeezer,Sunrisers Hyderabad,2013,0.47196964700618665,Punjab Kings,2015,-0.111634543577281,-0.5836041905834677,0.8373206168403796,0.00620955504602531,Stable,True
NM Coulter-Nile,Middle-Over Squeezer,Delhi Capitals,2016,0.7607026433940285,Kolkata Knight Riders,2017,1.153421663211226,0.3927190198171975,1.2910329372059233,0.855955462740939,Stable,False
NM Coulter-Nile,Middle-Over Squeezer,Kolkata Knight Riders,2017,1.153421663211226,Mumbai Indians,2020,0.8705403095115521,-0.2828813536996738,1.7015359340307288,1.1727891305101708,Stable,False
NM Coulter-Nile,Middle-Over Squeezer,Mumbai Indians,2021,1.1712864000312853,Rajasthan Royals,2022,-2.1351759109900654,-3.3064623110213507,1.0812241852825197,-0.20630216876940424,Adaptable,False
NT Ellis,Middle-Over Squeezer,Punjab Kings,2024,3.030284576178308,Chennai Super Kings,2025,3.856163019251608,0.8258784430732997,1.200295880613949,2.1875864393228617,Stable,False
NV Ojha,Death Specialist,Rajasthan Royals,2010,0.5603846112491346,Delhi Capitals,2011,0.8365294688857992,0.2761448576366645,1.1903010835643815,0.660982103773678,Stable,False
NV Ojha,Anchor,Delhi Capitals,2013,-0.8026025183195333,Sunrisers Hyderabad,2014,0.7850075544939635,1.5876100728134968,0.7233391811102918,1.1454079693385795,Adaptable,True
NV Ojha,Death Specialist,Sunrisers Hyderabad,2017,-0.5590958105210965,Delhi Capitals,2018,-1.822463691508049,-1.2633678809869524,1.2677842702626976,0.43142655501505683,Stable,False
Navdeep Saini,Death Specialist,Royal Challengers Bengaluru,2021,1.97100194439268,Rajasthan Royals,2022,1.3002052083472668,-0.6707967360454132,1.1629921003502353,0.21540218153180024,Stable,True
Noor Ahmad,Middle-Over Squeezer,Gujarat Titans,2024,0.4502318733425732,Chennai Super Kings,2025,0.5006123552992622,0.05038048195668898,1.200295880613949,2.1875864393228617,Stable,True
P Dogra,Death Specialist,Punjab Kings,2012,-1.1168361235328457,Kolkata Knight Riders,2013,-1.2772956752626894,-0.16045955172984372,1.2795370062652185,0.8726151090639807,Stable,False
P Kumar,Middle-Over Squeezer,Royal Challengers Bengaluru,2010,0.1194059727637083,Punjab Kings,2011,-0.9589049543052595,-1.0783109270689677,1.4532054773986787,-0.26146700047802407,Stable,False
P Kumar,Middle-Over Squeezer,Sunrisers Hyderabad,2015,0.37936820376566754,Gujarat Lions,2016,3.637713012619895,3.2583448088542277,1.3110164993660076,1.1035715563458155,Adaptable,False
P Negi,Death Specialist,Delhi Capitals,2013,0.5293786454010311,Chennai Super Kings,2014,0.661590336917486,0.13221169151645495,1.1350879016139053,1.3382811310466547,Stable,True
PA Patel,Powerplay Aggressor,Kochi Tuskers Kerala,2011,0.39060397424965526,Deccan Chargers,2012,0.5728670119035458,0.18226303765389057,0.7576166990013617,0.5850064729552793,Stable,True
PA Patel,Death Specialist,Sunrisers Hyderabad,2013,1.083647596814206,Royal Challengers Bengaluru,2014,1.5374368145539792,0.4537892177397731,1.1350879016139053,1.580072382328532,Stable,True
PA Patel,Powerplay Aggressor,Mumbai Indians,2017,0.7557211991415395,Royal Challengers Bengaluru,2018,0.8115205709491934,0.05579937180765393,0.44629537274048015,0.4924552585140086,Stable,False
PD Salt,Powerplay Aggressor,Delhi Capitals,2023,0.6998846168754004,Kolkata Knight Riders,2024,1.1158852515194853,0.4160006346440849,0.9372180975229045,0.5911305718856783,Stable,False
PD Salt,Powerplay Aggressor,Kolkata Knight Riders,2024,1.1158852515194853,Royal Challengers Bengaluru,2025,0.8714857280255521,-0.24439952349393312,1.045410959606985,0.09330914643073762,Stable,True
PJ Cummins,Middle-Over Squeezer,Kolkata Knight Riders,2015,1.859597074431911,Delhi Capitals,2017,0.26796804260770096,-1.5916290318242101,1.2910329372059233,0.18007374938602733,Adaptable,True
PJ Cummins,Middle-Over Squeezer,Kolkata Knight Riders,2022,0.36259840975028385,Sunrisers Hyderabad,2024,0.7538380244135803,0.39123961466329643,1.4936126135837626,-0.0009092291841135913,Stable,False
PJ Sangwan,Death Specialist,Kolkata Knight Riders,2013,2.5509406417161324,Gujarat Lions,2016,2.505375260478671,-0.045565381237461455,1.0293195393612475,0.8203575535608533,Stable,True
PK Garg,Powerplay Aggressor,Sunrisers Hyderabad,2022,0.33352849379854665,Delhi Capitals,2023,-0.5893186591823885,-0.9228471529809351,0.8676617843262627,-0.24220183806549328,Adaptable,True
PP Chawla,Death Specialist,Kolkata Knight Riders,2019,-0.2881256072144662,Chennai Super Kings,2020,0.07109347909308805,0.3592190863075542,1.1685464989120908,0.7199007013345933,Stable,True
PP Chawla,Death Specialist,Chennai Super Kings,2020,0.07109347909308805,Mumbai Indians,2021,1.97100194439268,1.8999084652995921,0.9751747362563874,0.9869907617705831,Adaptable,False
PP Ojha,Middle-Over Squeezer,Deccan Chargers,2011,0.48686335496627897,Mumbai Indians,2012,0.5445187066565577,0.05765535169027869,1.198262598756564,1.194956592917296,Stable,True
PV Tambe,Middle-Over Squeezer,Rajasthan Royals,2015,0.666689051628729,Gujarat Lions,2016,-0.47801015446710887,-1.1446992060958379,1.3110164993660076,1.1035715563458155,Stable,False
PVD Chameera,Middle-Over Squeezer,Lucknow Super Giants,2022,0.17526533569475775,Kolkata Knight Riders,2024,4.512122425911952,4.336857090217194,1.4936126135837626,1.6884627904531608,Adaptable,False
Pankaj Singh,Middle-Over Squeezer,Rajasthan Royals,2008,-1.4846568855139777,Royal Challengers Bengaluru,2009,4.093318788188783,5.577975673702761,1.7033856820754156,0.8890168588556189,Adaptable,False
Parvez Rasool,Death Specialist,Pune Warriors,2013,2.5509406417161324,Sunrisers Hyderabad,2014,2.7190042028341375,0.16806356111800502,1.1350879016139053,1.08263808768847,Stable,False
Parvez Rasool,Death Specialist,Sunrisers Hyderabad,2015,2.3831776507891598,Royal Challengers Bengaluru,2016,2.505375260478671,0.12219760968951121,1.0293195393612475,0.5275459593144111,Stable,False
Q de Kock,Powerplay Aggressor,Sunrisers Hyderabad,2013,-0.9447522237453827,Delhi Capitals,2014,0.5000657518977915,1.4448179756431743,0.7766621442845983,0.3845518437023851,Adaptable,True
Q de Kock,Powerplay Aggressor,Royal Challengers Bengaluru,2018,0.21621168233938082,Mumbai Indians,2019,0.5418779930989176,0.3256663107595368,1.2077052479228771,0.25746790202431497,Stable,False
R Ashwin,Middle-Over Squeezer,Rising Pune Supergiant,2016,0.636387380526244,Punjab Kings,2018,0.345248864173564,-0.29113851635268,1.4113279201609845,0.2758982936596463,Stable,True
R Ashwin,Death Specialist,Punjab Kings,2019,1.1341201779011476,Delhi Capitals,2020,1.0290411870199547,-0.10507899088119288,1.1685464989120908,0.4582251891993877,Stable,True
R Ashwin,Middle-Over Squeezer,Delhi Capitals,2021,0.35224395082888665,Rajasthan Royals,2022,0.5153877963913158,0.16314384556242917,1.0812241852825197,-0.20630216876940424,Stable,False
R Ashwin,Middle-Over Squeezer,Rajasthan Royals,2024,0.8008528563087725,Chennai Super Kings,2025,0.7889385325392372,-0.011914323769535273,1.200295880613949,2.1875864393228617,Stable,False
R Dravid,Anchor,Royal Challengers Bengaluru,2010,0.4463577015288053,Rajasthan Royals,2011,0.19568171443814042,-0.25067598709066485,0.7737106731511492,0.9776124481119061,Stable,False
R Powell,Death Specialist,Rajasthan Royals,2024,0.2871823681204525,Kolkata Knight Riders,2025,-0.8056328008618059,-1.0928151689822583,1.1237425393337022,0.6508637956628871,Stable,False
R Sathish,Death Specialist,Mumbai Indians,2011,-0.5704564223364228,Punjab Kings,2013,0.24982239358069974,0.8202788159171226,1.2795370062652185,1.0254548339317189,Stable,True
R Shepherd,Death Specialist,Mumbai Indians,2024,-1.2043134963785127,Royal Challengers Bengaluru,2025,-0.39020320816468207,0.8141102882138307,1.1237425393337022,0.2507595329385014,Stable,True
R Shukla,Death Specialist,Mumbai Indians,2012,2.795633699196913,Rajasthan Royals,2013,0.24058407449887378,-2.555049624698039,1.2795370062652185,0.605028082795656,Adaptable,True
R Tewatia,Death Specialist,Rajasthan Royals,2015,2.3831776507891598,Punjab Kings,2017,2.1759052179297695,-0.20727243285939023,1.1256175985686103,0.4426286368187538,Stable,True
R Tewatia,Death Specialist,Punjab Kings,2017,2.1759052179297695,Delhi Capitals,2018,0.6500979013628492,-1.5258073165669204,1.2677842702626976,0.43142655501505683,Adaptable,True
R Tewatia,Death Specialist,Rajasthan Royals,2021,0.8207768930609106,Gujarat Titans,2022,0.48759944208731293,-0.3331774509735977,1.1629921003502353,0.6443393932791499,Stable,True
R Vinay Kumar,Middle-Over Squeezer,Royal Challengers Bengaluru,2010,-0.3710507669888554,Kochi Tuskers Kerala,2011,0.17311616324281132,0.5441669302316667,1.4532054773986787,0.47725631441730026,Stable,True
R Vinay Kumar,Middle-Over Squeezer,Royal Challengers Bengaluru,2013,-0.09353423487262387,Kolkata Knight Riders,2014,-0.30752809733460235,-0.2139938624619785,0.8439624218059659,0.07357827010309362,Stable,False
R Vinay Kumar,Middle-Over Squeezer,Kolkata Knight Riders,2014,-0.30752809733460235,Mumbai Indians,2015,0.7123194131567196,1.019847510491322,0.8373206168403796,0.7303709847502105,Adaptable,True
RA Jadeja,Death Specialist,Kochi Tuskers Kerala,2011,0.7955174715986446,Chennai Super Kings,2012,0.46004071099111876,-0.33547676060752585,1.319884648203072,0.8017670215458048,Stable,False
RA Jadeja,Middle-Over Squeezer,Chennai Super Kings,2015,0.46498422903765246,Gujarat Lions,2016,0.10351753367238405,-0.36146669536526843,1.3110164993660076,1.1035715563458155,Stable,False
RA Jadeja,Middle-Over Squeezer,Gujarat Lions,2017,-0.5464598865035627,Chennai Super Kings,2018,0.8222730998841393,1.368732986387702,1.4113279201609845,0.8213361190925648,Stable,True
RA Tripathi,Powerplay Aggressor,Rising Pune Supergiant,2017,1.014319157933026,Rajasthan Royals,2018,0.7012126433366824,-0.31310651459634353,0.44629537274048015,0.5395001312072553,Stable,True
RA Tripathi,Powerplay Aggressor,Rajasthan Royals,2019,0.4815949232957273,Kolkata Knight Riders,2020,0.5458988878007826,0.06430396450505527,0.7393470022780508,-0.1270268240182816,Stable,False
RA Tripathi,Powerplay Aggressor,Sunrisers Hyderabad,2024,0.6849138074015476,Chennai Super Kings,2025,-0.0671442041804495,-0.7520580115819971,1.045410959606985,0.5768198463402145,Stable,False
RD Chahar,Death Specialist,Rising Pune Supergiant,2017,1.943288345281589,Mumbai Indians,2019,1.7500533919275945,-0.19323495335399454,1.0948862151118541,1.388323831438635,Stable,True
RD Chahar,Death Specialist,Punjab Kings,2024,0.3182991732040659,Sunrisers Hyderabad,2025,2.3390285336008994,2.0207293603968335,1.1237425393337022,0.3890516934804978,Adaptable,False
RE van der Merwe,Death Specialist,Royal Challengers Bengaluru,2010,3.222609799051041,Delhi Capitals,2011,1.1216582905384593,-2.1009515085125816,1.1903010835643815,0.660982103773678,Adaptable,True
RG Sharma,Anchor,Deccan Chargers,2010,0.6626564053108682,Mumbai Indians,2011,1.5599452664231763,0.8972888611123081,0.7737106731511492,1.2677122060040982,Adaptable,True
RJW Topley,Death Specialist,Royal Challengers Bengaluru,2024,-0.5823100228469063,Mumbai Indians,2025,2.3390285336008994,2.9213385564478056,1.1237425393337022,0.9086244440188453,Adaptable,True
RP Singh,Death Specialist,Kochi Tuskers Kerala,2011,0.7629033897046632,Mumbai Indians,2012,-0.14738457165580943,-0.9102879613604726,1.319884648203072,0.7013185809314697,Stable,False
RP Singh,Death Specialist,Mumbai Indians,2012,-0.14738457165580943,Royal Challengers Bengaluru,2013,0.05210761769957128,0.1994921893553807,1.2795370062652185,1.0844919241075388,Stable,True
RS Bopara,Anchor,Punjab Kings,2010,1.2285185349325467,Sunrisers Hyderabad,2015,0.6631365692020118,-0.5653819657305349,0.6020414238312544,1.0077830697278725,Stable,False
RV Gomez,Middle-Over Squeezer,Kochi Tuskers Kerala,2011,-0.03223914152781402,Pune Warriors,2013,5.085290788649113,5.117529930176927,1.4610915065970356,1.6316336208720144,Adaptable,False
RV Uthappa,Powerplay Aggressor,Rajasthan Royals,2020,0.6848673945474397,Chennai Super Kings,2021,0.7847639637588725,0.09989656921143275,1.0432296969890416,0.7847639637588725,Stable,True
Ramandeep Singh,Death Specialist,Mumbai Indians,2022,1.098780225430067,Kolkata Knight Riders,2024,0.9970229340243563,-0.10175729140571066,1.192730667767415,0.966978324052898,Stable,True
Rasikh Salam,Death Specialist,Kolkata Knight Riders,2022,2.5073370722081756,Delhi Capitals,2024,0.06484800292311091,-2.4424890692850645,1.192730667767415,0.02531207296078368,Adaptable,True
Rasikh Salam,Death Specialist,Delhi Capitals,2024,0.06484800292311091,Royal Challengers Bengaluru,2025,0.7469766842376435,0.6821286813145326,1.1237425393337022,0.2507595329385014,Stable,False
S Anirudha,Powerplay Aggressor,Chennai Super Kings,2013,-1.7869034811754498,Sunrisers Hyderabad,2014,-1.6331517752749791,0.15375170590047071,0.7766621442845983,0.23462097252388972,Stable,True
S Badree,Death Specialist,Rajasthan Royals,2013,2.5509406417161324,Chennai Super Kings,2014,2.7190042028341375,0.16806356111800502,1.1350879016139053,1.3382811310466547,Stable,False
S Badree,Death Specialist,Chennai Super Kings,2014,2.7190042028341375,Royal Challengers Bengaluru,2017,1.2454377273370472,-1.4735664754970903,1.1256175985686103,0.8877134375030306,Adaptable,True
S Dhawan,Powerplay Aggressor,Mumbai Indians,2010,0.23119888539896669,Deccan Chargers,2011,0.822663125922205,0.5914642405232383,0.9995911517532282,-0.09515855130960049,Stable,False
S Dhawan,Anchor,Delhi Capitals,2021,0.7722730137201962,Punjab Kings,2022,0.5529802944005368,-0.21929271931965943,0.7534865848885228,0.8430296709595477,Stable,False
S Dube,Anchor,Rajasthan Royals,2021,2.005850853446853,Chennai Super Kings,2022,1.5073745588254561,-0.49847629462139675,0.7534865848885228,1.4225823515378733,Stable,True
S Gopal,Death Specialist,Mumbai Indians,2016,2.505375260478671,Rajasthan Royals,2018,1.5604603574825529,-0.9449149029961181,1.2677842702626976,0.8819233633043585,Stable,True
S Gopal,Death Specialist,Rajasthan Royals,2021,1.97100194439268,Sunrisers Hyderabad,2022,2.5073370722081756,0.5363351278154955,1.1629921003502353,0.2073474281072225,Stable,False
S Gopal,Death Specialist,Sunrisers Hyderabad,2022,2.5073370722081756,Mumbai Indians,2024,2.100079956758147,-0.40725711545002863,1.192730667767415,0.4621606788868729,Stable,True
S Kaul,Death Specialist,Delhi Capitals,2014,-0.07320032948131795,Sunrisers Hyderabad,2017,0.2418620767691821,0.3150624062505,1.1256175985686103,0.770759132581432,Stable,True
S Ladda,Middle-Over Squeezer,Delhi Capitals,2010,-0.3742774560661751,Kolkata Knight Riders,2011,-1.0727060190323146,-0.6984285629661395,1.4532054773986787,-0.012655641390875902,Stable,False
S Ladda,Death Specialist,Kolkata Knight Riders,2013,2.5509406417161324,Gujarat Lions,2016,2.505375260478671,-0.045565381237461455,1.0293195393612475,0.8203575535608533,Stable,True
S Sohal,Powerplay Aggressor,Punjab Kings,2009,0.57628210864401,Deccan Chargers,2011,0.8343016857476153,0.25801957710360535,0.9995911517532282,-0.09515855130960049,Stable,False
S Sreesanth,Middle-Over Squeezer,Kochi Tuskers Kerala,2011,0.9666090608765066,Rajasthan Royals,2013,1.7177789506940917,0.7511698898175851,1.4610915065970356,0.41411429726156035,Stable,False
SA Abbott,Death Specialist,Royal Challengers Bengaluru,2015,2.3831776507891598,Sunrisers Hyderabad,2022,-1.8383376376910965,-4.221515288480257,1.1629921003502353,0.2073474281072225,Adaptable,True
SB Jakati,Middle-Over Squeezer,Royal Challengers Bengaluru,2014,1.8382545252755922,Gujarat Lions,2016,-0.10240046737373146,-1.9406549926493237,1.3110164993660076,1.1035715563458155,Adaptable,False
SC Ganguly,Anchor,Kolkata Knight Riders,2010,0.8351983708202863,Pune Warriors,2011,1.6604388880642007,0.8252405172439145,0.7737106731511492,1.2244802842990192,Adaptable,False
SD Chitnis,Death Specialist,Mumbai Indians,2008,0.18738389139307585,Rajasthan Royals,2009,-0.7467656460654637,-0.9341495374585396,1.0196235996350074,0.3545455602156899,Stable,False
SD Chitnis,Death Specialist,Rajasthan Royals,2009,-0.7467656460654637,Punjab Kings,2011,-0.6642554817512375,0.0825101643142262,1.1903010835643815,0.5405618880538282,Stable,True
SE Rutherford,Anchor,Royal Challengers Bengaluru,2022,1.5504283246702082,Gujarat Titans,2025,0.38505661476908626,-1.1653717099011218,0.8208687618887055,1.3415454815376326,Adaptable,False
SH Johnson,Death Specialist,Gujarat Titans,2024,0.6228217071205816,Kolkata Knight Riders,2025,-0.6826208947824227,-1.3054426019030043,1.1237425393337022,0.6508637956628871,Adaptable,False
SK Raina,Anchor,Gujarat Lions,2017,1.6460453349311437,Chennai Super Kings,2018,1.6108623748079296,-0.03518296012321409,1.0604737894922027,1.940802129739679,Stable,False
SM Curran,Death Specialist,Chennai Super Kings,2021,-0.9045606839367434,Punjab Kings,2023,0.01220938515097564,0.9167700690877191,0.9939108606197922,1.2536168002812496,Stable,True
SN Khan,Powerplay Aggressor,Punjab Kings,2021,-1.341279812028717,Delhi Capitals,2022,1.4089229688260516,2.7502027808547687,0.8853818056430386,0.26194624578032155,Adaptable,True
SN Thakur,Middle-Over Squeezer,Rising Pune Supergiant,2017,0.09945610789076688,Chennai Super Kings,2018,0.40376662364736926,0.3043105157566024,1.4113279201609845,0.8213361190925648,Stable,True
SN Thakur,Middle-Over Squeezer,Chennai Super Kings,2024,0.41237104164887073,Lucknow Super Giants,2025,-0.2936112863004233,-0.705982327949294,1.200295880613949,0.258107024743066,Stable,False
SO Hetmyer,Death Specialist,Delhi Capitals,2021,0.7939118818471173,Rajasthan Royals,2022,0.5454747982595834,-0.2484370835875338,1.1629921003502353,0.21540218153180024,Stable,True
SP Goswami,Powerplay Aggressor,Royal Challengers Bengaluru,2010,-0.40212284857427527,Kolkata Knight Riders,2011,0.3053291416827049,0.7074519902569802,0.9995911517532282,0.7906279516675851,Stable,True
SP Goswami,Powerplay Aggressor,Kolkata Knight Riders,2011,0.3053291416827049,Rajasthan Royals,2012,0.4556759162578569,0.150346774575152,0.7576166990013617,0.5725906178100418,Stable,True
SP Goswami,Powerplay Aggressor,Rajasthan Royals,2012,0.4556759162578569,Sunrisers Hyderabad,2018,0.41116576477681616,-0.04451015148104076,0.44629537274048015,0.32681040598295347,Stable,True
SPD Smith,Anchor,Pune Warriors,2013,2.4500229280527996,Rajasthan Royals,2014,1.3626812950118128,-1.0873416330409869,0.7233391811102918,0.5127113552569744,Adaptable,True
SPD Smith,Anchor,Rising Pune Supergiant,2017,1.8369775055756616,Rajasthan Royals,2019,1.8247581051629718,-0.012219400412689874,0.8011520364990389,1.8969150559182253,Stable,False
SS Iyer,Anchor,Delhi Capitals,2021,1.0713569730823187,Kolkata Knight Riders,2022,0.9792454025133828,-0.09211157056893593,0.7534865848885228,1.227513442430981,Stable,False
SS Iyer,Anchor,Kolkata Knight Riders,2024,2.033968873461474,Punjab Kings,2025,1.736302415259571,-0.2976664582019031,0.8208687618887055,1.8898950254970295,Stable,False
SS Tiwary,Anchor,Mumbai Indians,2010,1.7236508173773135,Royal Challengers Bengaluru,2011,0.45628766921946906,-1.2673631481578445,0.7737106731511492,1.1346882219970975,Adaptable,False
SS Tiwary,Anchor,Royal Challengers Bengaluru,2013,1.5208179279158727,Delhi Capitals,2015,1.105732148720349,-0.4150857791955236,0.6020414238312544,1.0281079393520116,Stable,True
SS Tiwary,Anchor,Delhi Capitals,2015,1.105732148720349,Rising Pune Supergiant,2016,1.8422291288234505,0.7364969801031014,0.5728056927342756,1.5383457656782815,Adaptable,True
SS Tiwary,Anchor,Rising Pune Supergiant,2016,1.8422291288234505,Mumbai Indians,2017,3.690186859318189,1.8479577304947383,0.9550964636345142,1.6330193666315451,Adaptable,False
STR Binny,Death Specialist,Rajasthan Royals,2015,2.3831776507891598,Royal Challengers Bengaluru,2016,2.505375260478671,0.12219760968951121,1.0293195393612475,0.5275459593144111,Stable,False
Sachin Baby,Death Specialist,Rajasthan Royals,2013,-1.6314371660742235,Royal Challengers Bengaluru,2016,0.42429338008603523,2.055730546160259,1.0293195393612475,0.5275459593144111,Adaptable,True
Sandeep Sharma,Death Specialist,Punjab Kings,2017,-0.33303390848989284,Sunrisers Hyderabad,2018,1.4087332814626023,1.7417671899524951,1.2677842702626976,0.1476388299610577,Adaptable,False
Sandeep Sharma,Middle-Over Squeezer,Sunrisers Hyderabad,2021,-1.075067680961224,Punjab Kings,2022,-0.07451209637927685,1.0005555845819472,1.0812241852825197,0.231762611997218,Stable,True
Shakib Al Hasan,Middle-Over Squeezer,Kolkata Knight Riders,2017,3.6014404966445013,Sunrisers Hyderabad,2018,0.44640099126399896,-3.1550395053805023,1.4113279201609845,1.8392908603390676,Adaptable,True
Swapnil Singh,Death Specialist,Punjab Kings,2017,2.1759052179297695,Lucknow Super Giants,2023,2.2868378992581984,0.11093268132842882,0.9939108606197922,0.9600630734408335,Stable,False
Swapnil Singh,Death Specialist,Lucknow Super Giants,2023,2.2868378992581984,Royal Challengers Bengaluru,2024,2.100079956758147,-0.1867579425000514,1.192730667767415,0.7042783976909163,Stable,True
T Kohli,Death Specialist,Rajasthan Royals,2008,-0.45113923844888804,Punjab Kings,2009,-1.5081724371700254,-1.0570331987211374,1.0196235996350074,0.5293531802521674,Adaptable,False
T Natarajan,Middle-Over Squeezer,Sunrisers Hyderabad,2024,0.25183860792772633,Delhi Capitals,2025,-0.11318631649381317,-0.3650249244215395,1.200295880613949,0.3679469363238137,Stable,False
T Stubbs,Anchor,Mumbai Indians,2023,-0.17398002485053277,Delhi Capitals,2024,1.4409228149733264,1.6149028398238592,0.8222307183833092,1.9253282411268264,Adaptable,True
TA Boult,Middle-Over Squeezer,Sunrisers Hyderabad,2016,3.637713012619895,Kolkata Knight Riders,2017,0.3200535497020258,-3.3176594629178693,1.2910329372059233,0.855955462740939,Adaptable,True
TA Boult,Middle-Over Squeezer,Mumbai Indians,2021,0.4140883952023497,Rajasthan Royals,2022,0.7442028198633924,0.33011442466104274,1.0812241852825197,-0.20630216876940424,Stable,False
TA Boult,Death Specialist,Rajasthan Royals,2024,0.14243509586626044,Mumbai Indians,2025,0.24855315692938998,0.10611806106312954,1.1237425393337022,0.9086244440188453,Stable,True
TG Southee,Death Specialist,Chennai Super Kings,2011,-0.41586271303495315,Rajasthan Royals,2014,0.1717298926516169,0.58759260568657,1.1350879016139053,1.4601403456861157,Stable,True
TG Southee,Middle-Over Squeezer,Rajasthan Royals,2015,0.16996997328117489,Mumbai Indians,2016,0.1504277165885417,-0.01954225669263318,1.3110164993660076,0.24922115977782275,Stable,False
TG Southee,Middle-Over Squeezer,Mumbai Indians,2017,0.3200535497020258,Royal Challengers Bengaluru,2018,1.172857176731671,0.8528036270296451,1.4113279201609845,0.3829245415099962,Stable,False
TH David,Death Specialist,Mumbai Indians,2024,0.27212331865588907,Royal Challengers Bengaluru,2025,0.31668867017287883,0.04456535151698976,1.1237425393337022,0.2507595329385014,Stable,False
TK Curran,Death Specialist,Kolkata Knight Riders,2018,-0.4119916307768052,Rajasthan Royals,2020,-0.5654444514200652,-0.15345282064326,1.1685464989120908,0.14506120257687014,Stable,False
TL Suman,Powerplay Aggressor,Mumbai Indians,2012,-0.1551716555945798,Pune Warriors,2013,-0.0019089681443290926,0.1532626874502507,0.8175819915004204,0.26160959808814854,Stable,True
TM Dilshan,Powerplay Aggressor,Delhi Capitals,2010,-0.18889392306569627,Royal Challengers Bengaluru,2011,0.8880404975568668,1.076934420622563,0.9995911517532282,0.4158329465992982,Adaptable,True
TS Mills,Death Specialist,Royal Challengers Bengaluru,2017,0.0993741108752791,Mumbai Indians,2022,-0.38977940105800574,-0.4891535119332848,1.1629921003502353,1.004716277276404,Stable,False
TU Deshpande,Death Specialist,Delhi Capitals,2020,-0.24822242354920085,Chennai Super Kings,2022,2.5073370722081756,2.7555594957573764,1.1629921003502353,1.037727811712753,Adaptable,False
TU Deshpande,Middle-Over Squeezer,Chennai Super Kings,2024,0.27829999810154155,Rajasthan Royals,2025,-0.07309187875901108,-0.3513918768605526,1.200295880613949,-0.13279390336850797,Stable,True
UBT Chand,Powerplay Aggressor,Delhi Capitals,2013,0.2892332992945077,Rajasthan Royals,2014,-1.2244894137476285,-1.5137227130421362,0.7766621442845983,-0.02645469637046194,Adaptable,False
UT Yadav,Middle-Over Squeezer,Kolkata Knight Riders,2017,0.07758653391809885,Royal Challengers Bengaluru,2018,0.4601944631399676,0.38260792922186876,1.4113279201609845,0.3829245415099962,Stable,True
UT Yadav,Death Specialist,Kolkata Knight Riders,2023,-0.6240658424794073,Gujarat Titans,2024,-0.9127493681605721,-0.28868352568116473,1.192730667767415,0.6396578469719932,Stable,False
V Sehwag,Powerplay Aggressor,Delhi Capitals,2013,0.7744164259765061,Punjab Kings,2014,0.8664335428049332,0.09201711682842717,0.7766621442845983,0.8894543527814113,Stable,True
V Shankar,Anchor,Sunrisers Hyderabad,2017,1.5013186813282688,Delhi Capitals,2018,1.5259132177181598,0.024594536389890953,1.0604737894922027,1.7396622923592497,Stable,True
VR Aaron,Middle-Over Squeezer,Delhi Capitals,2012,0.13805096220555968,Royal Challengers Bengaluru,2014,0.5658227814097088,0.4277718192041491,0.8439624218059659,0.9984495743241091,Stable,True
VR Aaron,Death Specialist,Punjab Kings,2017,0.2684468622146888,Rajasthan Royals,2019,0.14862703545883268,-0.11981982675585609,1.0948862151118541,0.9219641331046141,Stable,False
VS Malik,Death Specialist,Punjab Kings,2011,3.2741876955412366,Rajasthan Royals,2013,2.5509406417161324,-0.7232470538251041,1.2795370062652185,0.605028082795656,Stable,True
VVS Laxman,Powerplay Aggressor,Deccan Chargers,2010,0.16648761944860213,Kochi Tuskers Kerala,2011,0.16675753876141003,0.00026991931280789805,0.9995911517532282,0.4986151206941993,Stable,True
Vijaykumar Vyshak,Middle-Over Squeezer,Royal Challengers Bengaluru,2024,-0.08537449249243008,Punjab Kings,2025,-0.05905882555183035,0.02631566694059973,1.200295880613949,0.2827804275331557,Stable,True
WD Parnell,Middle-Over Squeezer,Pune Warriors,2013,1.5136873241513633,Delhi Capitals,2014,1.3929034149225328,-0.12078390922883053,0.8439624218059659,1.3081629953136868,Stable,True
WP Saha,Powerplay Aggressor,Punjab Kings,2017,0.5881159279526595,Sunrisers Hyderabad,2018,-0.02433370113739617,-0.6124496290900557,0.44629537274048015,0.32681040598295347,Adaptable,False
WP Saha,Powerplay Aggressor,Sunrisers Hyderabad,2021,0.22264653320880914,Gujarat Titans,2022,0.5618261400000377,0.3391796067912286,0.8853818056430386,0.07066229873149164,Stable,False
Y Venugopal Rao,Anchor,Deccan Chargers,2010,-0.7919273392157562,Delhi Capitals,2011,1.545868093052563,2.337795432268319,0.7737106731511492,0.40704703863257286,Adaptable,True
YK Pathan,Death Specialist,Rajasthan Royals,2010,1.1683894291352055,Kolkata Knight Riders,2011,1.6597906417891537,0.4914012126539482,1.1903010835643815,0.47397923334895753,Stable,False
YK Pathan,Powerplay Aggressor,Kolkata Knight Riders,2017,1.3600633099775088,Sunrisers Hyderabad,2018,0.319564585124576,-1.0404987248529327,0.44629537274048015,0.32681040598295347,Adaptable,True
YV Takawale,Powerplay Aggressor,Mumbai Indians,2009,-0.21709158360425876,Royal Challengers Bengaluru,2014,0.3156187397696261,0.5327103233738849,0.7766621442845983,0.3114187574902917,Stable,True
Yash Dayal,Middle-Over Squeezer,Gujarat Titans,2023,-0.9620444031551911,Royal Challengers Bengaluru,2024,0.6593440166044785,1.6213884197596697,1.4936126135837626,0.227135410456653,Adaptable,True
Yuvraj Singh,Anchor,Royal Challengers Bengaluru,2014,1.9300182535735315,Delhi Capitals,2015,0.9964950076272044,-0.9335232459463271,0.6020414238312544,1.0281079393520116,Adaptable,True
Yuvraj Singh,Anchor,Delhi Capitals,2015,0.9964950076272044,Sunrisers Hyderabad,2016,1.8110148435398723,0.8145198359126679,0.5728056927342756,1.03237591510404,Adaptable,False
Yuvraj Singh,Anchor,Sunrisers Hyderabad,2017,0.737694009933574,Punjab Kings,2018,1.0224912727924576,0.2847972628588835,1.0604737894922027,1.3241321744052899,Stable,True
Yuvraj Singh,Anchor,Punjab Kings,2018,1.0224912727924576,Mumbai Indians,2019,1.9453218929240876,0.9228306201316301,0.8011520364990389,1.7723721034232554,Adaptable,True
Z Khan,Death Specialist,Royal Challengers Bengaluru,2013,2.5509406417161324,Mumbai Indians,2014,0.5146322036377253,-2.0363084380784073,1.1350879016139053,0.36767407035796446,Adaptable,True
