season,player,season_runs_conceded,season_balls,season_economy,streak_runs_conceded,streak_balls,streak_economy,economy_delta
2008,A Kumble,304,230,7.930434782608695,22,24,5.5,-2.430434782608695
2008,A Mishra,138,119,6.957983193277311,138,119,6.957983193277311,0.0
2008,A Nehra,348,269,7.762081784386616,132,101,7.841584158415842,0.079502374029226
2008,AB Agarkar,207,156,7.961538461538462,177,138,7.695652173913044,-0.26588628762541777
2008,AB Dinda,260,234,6.666666666666667,190,180,6.333333333333333,-0.3333333333333339
2008,AM Nayar,68,42,9.714285714285714,22,24,5.5,-4.2142857142857135
2008,B Akhil,134,104,7.730769230769232,17,18,5.666666666666667,-2.0641025641025648
2008,B Geeves,91,48,11.375,91,48,11.375,0.0
2008,B Lee,112,96,7.0,103,72,8.583333333333334,1.583333333333334
2008,CRD Fernando,160,120,8.0,119,96,7.4375,-0.5625
2008,D Salunkhe,78,47,9.957446808510639,78,47,9.957446808510639,0.0
2008,DJ Bravo,232,171,8.140350877192983,24,24,6.0,-2.140350877192983
2008,DJ Hussey,130,78,10.0,94,54,10.444444444444445,0.44444444444444464
2008,DL Vettori,54,48,6.75,54,48,6.75,0.0
2008,DR Smith,83,66,7.545454545454546,83,66,7.545454545454546,0.0
2008,DS Kulkarni,236,177,8.0,60,36,10.0,2.0
2008,GD McGrath,357,324,6.611111111111111,357,324,6.611111111111111,0.0
2008,Gagandeep Singh,141,84,10.071428571428571,141,84,10.071428571428571,0.0
2008,I Sharma,329,253,7.8023715415019765,232,187,7.443850267379679,-0.35852127412229784
2008,IK Pathan,350,318,6.60377358490566,331,294,6.755102040816326,0.15132845591066602
2008,JA Morkel,399,288,8.3125,399,288,8.3125,0.0
2008,JDP Oram,149,96,9.3125,149,96,9.3125,0.0
2008,JH Kallis,311,206,9.058252427184465,98,48,12.25,3.191747572815535
2008,JR Hopes,276,168,9.857142857142858,276,168,9.857142857142858,0.0
2008,Joginder Sharma,239,148,9.68918918918919,239,148,9.68918918918919,0.0
2008,L Balaji,286,198,8.666666666666666,286,198,8.666666666666666,0.0
2008,LR Shukla,124,72,10.333333333333334,79,48,9.875,-0.4583333333333339
2008,M Kartik,127,88,8.65909090909091,103,76,8.131578947368421,-0.5275119617224888
2008,M Muralitharan,404,348,6.9655172413793105,404,348,6.9655172413793105,0.0
2008,M Ntini,242,210,6.914285714285715,242,210,6.914285714285715,0.0
2008,MF Maharoof,249,216,6.916666666666667,249,216,6.916666666666667,0.0
2008,MM Patel,420,330,7.636363636363637,420,330,7.636363636363637,0.0
2008,MS Gony,443,360,7.383333333333334,443,360,7.383333333333334,0.0
2008,Mohammad Asif,296,192,9.25,296,192,9.25,0.0
2008,Mohammad Hafeez,68,60,6.8,68,60,6.8,0.0
2008,P Amarnath,236,132,10.727272727272727,236,132,10.727272727272727,0.0
2008,P Kumar,366,268,8.194029850746269,109,66,9.909090909090908,1.7150610583446397
2008,PJ Sangwan,215,144,8.958333333333334,215,144,8.958333333333334,0.0
2008,PP Chawla,389,281,8.306049822064056,373,257,8.70817120622568,0.40212138416162446
2008,Pankaj Singh,129,72,10.75,129,72,10.75,0.0
2008,R Bhatia,183,132,8.318181818181818,183,132,8.318181818181818,0.0
2008,R Vinay Kumar,182,138,7.913043478260869,56,36,9.333333333333334,1.4202898550724647
2008,RR Powar,91,72,7.583333333333333,91,72,7.583333333333333,0.0
2008,RR Raje,137,98,8.387755102040817,56,36,9.333333333333334,0.945578231292517
2008,S Sreesanth,442,307,8.63843648208469,411,283,8.713780918727915,0.0753444366432241
2008,SB Joshi,82,55,8.945454545454545,63,49,7.714285714285714,-1.231168831168831
2008,SC Ganguly,128,120,6.4,97,90,6.466666666666667,0.06666666666666643
2008,SD Chitnis,60,36,10.0,40,24,10.0,0.0
2008,SK Trivedi,399,288,8.3125,399,288,8.3125,0.0
2008,SK Warne,404,312,7.769230769230769,404,312,7.769230769230769,0.0
2008,SM Pollock,301,276,6.543478260869565,96,84,6.857142857142857,0.31366459627329135
2008,SR Watson,383,325,7.070769230769231,383,325,7.070769230769231,0.0
2008,ST Jayasuriya,159,126,7.571428571428571,56,48,7.0,-0.5714285714285712
2008,Shoaib Akhtar,54,42,7.714285714285714,54,42,7.714285714285714,0.0
2008,Shoaib Malik,85,51,10.0,85,51,10.0,0.0
2008,Sohail Tanvir,266,247,6.461538461538462,266,247,6.461538461538462,0.0
2008,Umar Gul,184,135,8.177777777777777,101,72,8.416666666666666,0.23888888888888893
2008,V Sehwag,133,66,12.090909090909092,133,66,12.090909090909092,0.0
2008,VRV Singh,420,288,8.75,380,264,8.636363636363637,-0.11363636363636331
2008,VS Yeligati,59,30,11.8,43,24,10.75,-1.0500000000000007
2008,VY Mahesh,370,253,8.774703557312254,370,253,8.774703557312254,0.0
2008,YK Pathan,230,169,8.165680473372781,230,169,8.165680473372781,0.0
2008,Yuvraj Singh,83,54,9.222222222222221,83,54,9.222222222222221,0.0
2008,Z Khan,357,252,8.5,79,72,6.583333333333333,-1.916666666666667
2009,A Flintoff,105,66,9.545454545454545,105,66,9.545454545454545,0.0
2009,A Kumble,347,355,5.864788732394366,271,283,5.745583038869258,-0.11920569352510846
2009,A Mishra,294,253,6.972332015810277,294,253,6.972332015810277,0.0
2009,A Nehra,346,306,6.784313725490196,346,306,6.784313725490196,0.0
2009,A Singh,95,105,5.428571428571429,67,60,6.7,1.2714285714285714
2009,A Symonds,160,144,6.666666666666667,160,144,6.666666666666667,0.0
2009,AD Mascarenhas,132,116,6.8275862068965525,83,68,7.323529411764706,0.49594320486815313
2009,AM Nayar,84,72,7.0,59,60,5.9,-1.0999999999999996
2009,AM Salvi,134,102,7.882352941176471,134,102,7.882352941176471,0.0
2009,Anureet Singh,47,30,9.4,35,24,8.75,-0.6500000000000004
2009,B Akhil,80,66,7.2727272727272725,48,48,6.0,-1.2727272727272725
2009,B Lee,111,120,5.55,96,96,6.0,0.4500000000000002
2009,BAW Mendis,117,96,7.3125,58,48,7.25,-0.0625
2009,BJ Hodge,161,120,8.05,29,18,9.666666666666666,1.6166666666666654
2009,CH Gayle,144,113,7.646017699115045,44,36,7.333333333333333,-0.31268436578171155
2009,D du Preez,56,42,8.0,56,42,8.0,0.0
2009,DJ Bravo,259,199,7.809045226130654,148,102,8.705882352941176,0.8968371268105217
2009,DL Vettori,181,139,7.812949640287769,181,139,7.812949640287769,0.0
2009,DP Nannes,372,297,7.515151515151516,372,297,7.515151515151516,0.0
2009,DR Smith,124,84,8.857142857142858,124,84,8.857142857142858,0.0
2009,DW Steyn,62,54,6.888888888888889,62,54,6.888888888888889,0.0
2009,FH Edwards,154,140,6.6000000000000005,154,140,6.6000000000000005,0.0
2009,Harbhajan Singh,256,264,5.818181818181818,118,114,6.2105263157894735,0.3923444976076551
2009,Harmeet Singh,192,137,8.408759124087592,192,137,8.408759124087592,0.0
2009,I Sharma,297,258,6.906976744186046,65,48,8.125,1.2180232558139537
2009,IK Pathan,390,302,7.748344370860927,297,230,7.747826086956521,-0.0005182839044062248
2009,J Botha,74,72,6.166666666666667,55,48,6.875,0.708333333333333
2009,JA Morkel,328,240,8.2,275,192,8.59375,0.3937500000000007
2009,JD Ryder,115,102,6.764705882352941,90,78,6.923076923076923,0.15837104072398223
2009,JDP Oram,133,93,8.580645161290322,92,63,8.761904761904763,0.18125960061444069
2009,JH Kallis,353,276,7.673913043478261,290,234,7.435897435897436,-0.23801560758082463
2009,JP Duminy,93,105,5.314285714285714,23,18,7.666666666666667,2.352380952380953
2009,Joginder Sharma,57,42,8.142857142857142,57,42,8.142857142857142,0.0
2009,K Goel,61,48,7.625,61,48,7.625,0.0
2009,KP Appanna,87,72,7.25,34,36,5.666666666666667,-1.583333333333333
2009,KP Pietersen,85,78,6.538461538461538,61,54,6.777777777777778,0.23931623931623935
2009,Kamran Khan,124,106,7.018867924528301,85,64,7.96875,0.9498820754716988
2009,L Balaji,316,224,8.464285714285714,269,185,8.724324324324325,0.2600386100386114
2009,LR Shukla,100,84,7.142857142857143,25,24,6.25,-0.8928571428571432
2009,M Morkel,40,42,5.714285714285714,40,42,5.714285714285714,0.0
2009,M Muralitharan,261,300,5.22,206,252,4.904761904761905,-0.31523809523809465
2009,MF Maharoof,65,60,6.5,65,60,6.5,0.0
2009,MM Patel,241,209,6.918660287081339,143,137,6.262773722627737,-0.6558865644536018
2009,MS Gony,172,102,10.117647058823529,172,102,10.117647058823529,0.0
2009,P Kumar,394,298,7.932885906040269,369,274,8.08029197080292,0.1474060647626505
2009,PJ Sangwan,360,280,7.714285714285714,360,280,7.714285714285714,0.0
2009,PP Chawla,308,269,6.869888475836431,253,210,7.228571428571429,0.3586829527349975
2009,PP Ojha,348,321,6.5046728971962615,348,321,6.5046728971962615,0.0
2009,Pankaj Singh,65,42,9.285714285714286,51,36,8.5,-0.7857142857142865
2009,R Bhatia,146,130,6.7384615384615385,146,130,6.7384615384615385,0.0
2009,R Vinay Kumar,271,194,8.38144329896907,208,146,8.547945205479452,0.16650190651038166
2009,RA Jadeja,151,140,6.4714285714285715,103,92,6.717391304347826,0.24596273291925463
2009,RE van der Merwe,248,204,7.294117647058823,203,162,7.518518518518518,0.22440087145969478
2009,RG Sharma,161,138,7.0,161,138,7.0,0.0
2009,RJ Harris,230,186,7.419354838709677,230,186,7.419354838709677,0.0
2009,RP Singh,417,358,6.988826815642458,417,358,6.988826815642458,0.0
2009,RR Powar,132,126,6.285714285714286,112,108,6.222222222222222,-0.06349206349206327
2009,S Sreesanth,192,138,8.347826086956522,172,114,9.052631578947368,0.7048054919908466
2009,S Tyagi,136,114,7.157894736842105,110,84,7.857142857142857,0.6992481203007515
2009,SB Jakati,217,174,7.482758620689655,193,150,7.72,0.23724137931034495
2009,SB Styris,64,48,8.0,64,48,8.0,0.0
2009,SC Ganguly,97,72,8.083333333333334,39,24,9.75,1.666666666666666
2009,SK Raina,164,166,5.927710843373494,146,148,5.918918918918918,-0.00879192445457555
2009,SK Trivedi,152,120,7.6,119,84,8.5,0.9000000000000004
2009,SK Warne,365,300,7.3,231,192,7.21875,-0.08124999999999982
2009,SL Malinga,312,297,6.303030303030303,104,129,4.837209302325581,-1.4658210007047217
2009,SR Tendulkar,58,36,9.666666666666666,39,30,7.8,-1.8666666666666663
2009,ST Jayasuriya,163,114,8.578947368421053,101,66,9.181818181818182,0.6028708133971286
2009,Shoaib Ahmed,152,102,8.941176470588236,152,102,8.941176470588236,0.0
2009,T Thushara,60,48,7.5,60,48,7.5,0.0
2009,TL Suman,108,90,7.2,108,90,7.2,0.0
2009,TM Dilshan,98,96,6.125,98,96,6.125,0.0
2009,V Kohli,46,36,7.666666666666667,46,36,7.666666666666667,0.0
2009,VRV Singh,82,54,9.11111111111111,55,36,9.166666666666666,0.05555555555555536
2009,VS Malik,98,72,8.166666666666666,64,54,7.111111111111111,-1.0555555555555554
2009,WA Mota,61,54,6.777777777777778,55,48,6.875,0.09722222222222232
2009,WPUJC Vaas,71,48,8.875,71,48,8.875,0.0
2009,Y Venugopal Rao,122,90,8.133333333333333,122,90,8.133333333333333,0.0
2009,YA Abdulla,241,168,8.607142857142858,171,126,8.142857142857142,-0.4642857142857153
2009,YK Pathan,243,210,6.942857142857143,152,126,7.238095238095238,0.2952380952380951
2009,Yuvraj Singh,142,120,7.1,100,96,6.25,-0.8499999999999996
2009,Z Khan,142,126,6.761904761904762,142,126,6.761904761904762,0.0
2010,A Kumble,407,380,6.4263157894736835,407,380,6.4263157894736835,0.0
2010,A Mishra,363,318,6.849056603773585,363,318,6.849056603773585,0.0
2010,A Nehra,96,84,6.857142857142857,96,84,6.857142857142857,0.0
2010,A Symonds,372,318,7.018867924528302,243,216,6.75,-0.2688679245283021
2010,A Uniyal,66,36,11.0,66,36,11.0,0.0
2010,AA Jhunjhunwala,69,37,11.18918918918919,69,37,11.18918918918919,0.0
2010,AB Agarkar,203,132,9.227272727272727,92,54,10.222222222222221,0.9949494949494948
2010,AB Dinda,152,139,6.561151079136691,28,24,7.0,0.4388489208633093
2010,AB McDonald,138,84,9.857142857142858,138,84,9.857142857142858,0.0
2010,AC Voges,76,54,8.444444444444445,59,36,9.833333333333334,1.3888888888888893
2010,AD Mascarenhas,65,48,8.125,65,48,8.125,0.0
2010,AD Mathews,314,225,8.373333333333333,205,159,7.735849056603773,-0.6374842767295599
2010,AG Murtaza,91,72,7.583333333333333,91,72,7.583333333333333,0.0
2010,AP Dole,112,66,10.181818181818182,112,66,10.181818181818182,0.0
2010,BJ Hodge,41,30,8.2,41,30,8.2,0.0
2010,Bipul Sharma,94,60,9.4,37,18,12.333333333333334,2.9333333333333336
2010,CH Gayle,152,96,9.5,94,60,9.4,-0.09999999999999964
2010,CK Langeveldt,88,66,8.0,88,66,8.0,0.0
2010,CRD Fernando,138,114,7.2631578947368425,138,114,7.2631578947368425,0.0
2010,DE Bollinger,207,186,6.67741935483871,177,138,7.695652173913044,1.018232819074334
2010,DJ Bravo,228,157,8.713375796178344,228,157,8.713375796178344,0.0
2010,DJ Hussey,80,60,8.0,37,30,7.4,-0.5999999999999996
2010,DL Vettori,97,70,8.314285714285715,97,70,8.314285714285715,0.0
2010,DP Nannes,224,206,6.524271844660194,224,206,6.524271844660194,0.0
2010,DW Steyn,406,354,6.88135593220339,406,354,6.88135593220339,0.0
2010,Harbhajan Singh,377,321,7.046728971962617,377,321,7.046728971962617,0.0
2010,Harmeet Singh,174,144,7.25,115,90,7.666666666666667,0.41666666666666696
2010,I Sharma,236,150,9.44,190,126,9.047619047619047,-0.39238095238095205
2010,IK Pathan,426,278,9.194244604316546,60,41,8.78048780487805,-0.41375679943849697
2010,JA Morkel,405,286,8.496503496503497,202,166,7.301204819277108,-1.195298677226389
2010,JH Kallis,476,342,8.350877192982455,476,342,8.350877192982455,0.0
2010,JP Duminy,37,33,6.7272727272727275,37,33,6.7272727272727275,0.0
2010,Jaskaran Singh,139,84,9.928571428571429,99,66,9.0,-0.9285714285714288
2010,Joginder Sharma,89,48,11.125,66,36,11.0,-0.125
2010,KA Pollard,274,222,7.405405405405405,274,222,7.405405405405405,0.0
2010,KAJ Roach,80,48,10.0,80,48,10.0,0.0
2010,KP Appanna,51,42,7.285714285714286,51,42,7.285714285714286,0.0
2010,KP Pietersen,77,60,7.7,77,60,7.7,0.0
2010,Kamran Khan,53,36,8.833333333333334,53,36,8.833333333333334,0.0
2010,L Balaji,207,140,8.871428571428572,162,102,9.529411764705882,0.6579831932773104
2010,LR Shukla,106,72,8.833333333333334,67,42,9.571428571428571,0.7380952380952372
2010,M Kartik,253,234,6.487179487179487,202,186,6.516129032258065,0.02894954507857772
2010,M Morkel,66,42,9.428571428571429,32,24,8.0,-1.4285714285714288
2010,M Muralitharan,329,288,6.854166666666667,131,144,5.458333333333333,-1.395833333333334
2010,MF Maharoof,206,144,8.583333333333334,206,144,8.583333333333334,0.0
2010,MM Patel,118,78,9.076923076923077,32,18,10.666666666666666,1.5897435897435894
2010,MR Marsh,88,60,8.8,51,36,8.5,-0.3000000000000007
2010,P Kumar,380,270,8.444444444444445,380,270,8.444444444444445,0.0
2010,PD Collingwood,101,89,6.808988764044943,101,89,6.808988764044943,0.0
2010,PJ Sangwan,258,186,8.32258064516129,258,186,8.32258064516129,0.0
2010,PP Chawla,367,294,7.489795918367347,53,42,7.571428571428571,0.08163265306122458
2010,PP Ojha,429,353,7.291784702549575,291,245,7.126530612244897,-0.16525409030467753
2010,Pankaj Singh,81,48,10.125,81,48,10.125,0.0
2010,R Ashwin,293,288,6.104166666666667,229,216,6.361111111111111,0.25694444444444375
2010,R Bhatia,132,96,8.25,132,96,8.25,0.0
2010,R McLaren,270,204,7.9411764705882355,270,204,7.9411764705882355,0.0
2010,R Sathish,81,48,10.125,81,48,10.125,0.0
2010,R Sharma,167,124,8.080645161290322,143,106,8.09433962264151,0.01369446135118757
2010,R Vinay Kumar,396,277,8.577617328519857,396,277,8.577617328519857,0.0
2010,RG Sharma,153,114,8.052631578947368,89,66,8.090909090909092,0.038277511961723576
2010,RJ Harris,233,184,7.5978260869565215,104,88,7.090909090909091,-0.5069169960474307
2010,RP Singh,370,252,8.80952380952381,254,168,9.071428571428571,0.261904761904761
2010,S Ladda,143,90,9.533333333333333,143,90,9.533333333333333,0.0
2010,S Narwal,185,94,11.808510638297873,161,78,12.384615384615385,0.5761047463175117
2010,S Sreesanth,191,114,10.052631578947368,66,42,9.428571428571429,-0.6240601503759393
2010,S Tyagi,159,95,10.042105263157895,75,60,7.5,-2.542105263157895
2010,SB Jakati,291,228,7.657894736842105,184,138,8.0,0.3421052631578947
2010,SE Bond,224,186,7.225806451612903,156,114,8.210526315789474,0.9847198641765713
2010,SK Raina,178,143,7.468531468531469,131,107,7.345794392523365,-0.12273707600810457
2010,SK Trivedi,260,213,7.323943661971831,209,165,7.6,0.27605633802816865
2010,SK Warne,381,300,7.62,303,240,7.575,-0.04499999999999993
2010,SL Malinga,344,294,7.020408163265306,344,294,7.020408163265306,0.0
2010,SR Watson,184,132,8.363636363636363,184,132,8.363636363636363,0.0
2010,ST Jayasuriya,68,54,7.555555555555555,68,54,7.555555555555555,0.0
2010,SW Tait,264,187,8.470588235294118,213,144,8.875,0.40441176470588225
2010,T Thushara,101,87,6.9655172413793105,43,39,6.615384615384615,-0.3501326259946955
2010,TM Dilshan,70,49,8.571428571428571,70,49,8.571428571428571,0.0
2010,UT Yadav,184,144,7.666666666666667,184,144,7.666666666666667,0.0
2010,V Kohli,50,32,9.375,50,32,9.375,0.0
2010,V Sehwag,23,34,4.0588235294117645,23,34,4.0588235294117645,0.0
2010,WPUJC Vaas,139,132,6.318181818181818,112,108,6.222222222222222,-0.09595959595959602
2010,YA Abdulla,66,41,9.658536585365853,66,41,9.658536585365853,0.0
2010,YK Pathan,246,204,7.235294117647059,214,168,7.642857142857143,0.40756302521008436
2010,Yuvraj Singh,152,138,6.608695652173913,29,30,5.8,-0.8086956521739133
2010,Z Khan,376,290,7.779310344827586,376,290,7.779310344827586,0.0
2011,A Mithun,321,204,9.441176470588236,229,138,9.956521739130435,0.5153452685422
2011,A Singh,215,171,7.543859649122807,195,159,7.3584905660377355,-0.18536908308507183
2011,AC Thomas,297,231,7.714285714285714,96,78,7.384615384615385,-0.3296703296703294
2011,AG Murtaza,117,120,5.85,117,120,5.85,0.0
2011,AL Menaria,121,90,8.066666666666666,109,84,7.785714285714286,-0.28095238095238084
2011,AM Nayar,95,61,9.344262295081968,25,18,8.333333333333334,-1.0109289617486343
2011,AN Ahmed,169,120,8.45,169,120,8.45,0.0
2011,AUK Pathan,49,33,8.909090909090908,49,33,8.909090909090908,0.0
2011,B Lee,338,272,7.455882352941176,338,272,7.455882352941176,0.0
2011,BA Bhatt,229,167,8.227544910179642,53,36,8.833333333333334,0.6057884231536921
2011,CH Gayle,244,216,6.777777777777778,186,156,7.153846153846154,0.3760683760683765
2011,CK Langeveldt,84,66,7.636363636363637,84,66,7.636363636363637,0.0
2011,DE Bollinger,329,282,7.0,309,258,7.186046511627907,0.1860465116279073
2011,DJ Bravo,157,120,7.85,157,120,7.85,0.0
2011,DL Vettori,311,310,6.019354838709678,221,214,6.196261682242991,0.1769068435333132
2011,DS Kulkarni,149,120,7.45,149,120,7.45,0.0
2011,Harbhajan Singh,370,318,6.981132075471698,370,318,6.981132075471698,0.0
2011,Iqbal Abdulla,305,300,6.1,255,252,6.071428571428571,-0.02857142857142847
2011,J Botha,239,216,6.638888888888889,215,192,6.71875,0.07986111111111072
2011,J Syed Mohammad,127,90,8.466666666666667,64,42,9.142857142857142,0.6761904761904756
2011,JA Morkel,382,270,8.488888888888889,353,246,8.609756097560975,0.12086720867208633
2011,JD Ryder,118,92,7.695652173913043,66,62,6.387096774193548,-1.308555399719495
2011,JD Unadkat,150,108,8.333333333333334,114,84,8.142857142857142,-0.19047619047619158
2011,JEC Franklin,99,61,9.737704918032787,99,61,9.737704918032787,0.0
2011,JH Kallis,170,144,7.083333333333333,136,126,6.476190476190476,-0.6071428571428568
2011,JJ van der Wath,129,72,10.75,129,72,10.75,0.0
2011,KA Pollard,361,255,8.494117647058824,361,255,8.494117647058824,0.0
2011,L Balaji,371,266,8.368421052631579,315,218,8.669724770642201,0.3013037180106224
2011,M Kartik,166,125,7.968000000000001,69,53,7.811320754716981,-0.15667924528302013
2011,M Manhas,42,42,6.0,14,18,4.666666666666667,-1.333333333333333
2011,M Muralitharan,141,114,7.421052631578948,46,43,6.4186046511627906,-1.0024479804161572
2011,MM Patel,358,326,6.588957055214724,358,326,6.588957055214724,0.0
2011,ND Doshi,62,32,11.625,47,24,11.75,0.125
2011,NLTC Perera,111,84,7.928571428571429,41,36,6.833333333333333,-1.0952380952380958
2011,P Kumar,345,276,7.5,136,108,7.555555555555555,0.05555555555555536
2011,P Parameswaran,137,94,8.74468085106383,88,49,10.775510204081634,2.030829353017804
2011,PC Valthaty,189,145,7.820689655172413,120,90,8.0,0.179310344827587
2011,PP Chawla,336,248,8.129032258064516,141,120,7.05,-1.0790322580645162
2011,R Ashwin,388,378,6.158730158730159,369,354,6.254237288135593,0.09550712940543438
2011,R Bhatia,210,192,6.5625,162,150,6.48,-0.08249999999999957
2011,R McLaren,178,108,9.88888888888889,48,24,12.0,2.1111111111111107
2011,R Ninan,65,36,10.833333333333334,65,36,10.833333333333334,0.0
2011,R Sathish,41,31,7.935483870967741,41,31,7.935483870967741,0.0
2011,R Sharma,273,300,5.46,73,78,5.615384615384615,0.155384615384615
2011,R Vinay Kumar,335,268,7.5,147,126,7.0,-0.5
2011,RA Jadeja,305,252,7.261904761904762,132,108,7.333333333333333,0.07142857142857117
2011,RJ Harris,382,282,8.127659574468085,161,114,8.473684210526315,0.34602463605823
2011,RP Singh,345,300,6.9,139,120,6.95,0.04999999999999982
2011,RR Powar,112,72,9.333333333333334,56,36,9.333333333333334,0.0
2011,RV Gomez,124,90,8.266666666666667,39,42,5.571428571428571,-2.6952380952380963
2011,S Aravind,368,276,8.0,252,186,8.129032258064516,0.12903225806451601
2011,S Randiv,223,174,7.689655172413793,200,150,8.0,0.3103448275862073
2011,S Sreesanth,206,191,6.471204188481676,84,65,7.753846153846154,1.282641965364478
2011,SB Jakati,336,265,7.607547169811321,324,253,7.683794466403162,0.07624729659184126
2011,SB Wagh,121,96,7.5625,73,60,7.3,-0.2625000000000002
2011,SJ Srivastava,186,120,9.3,115,66,10.454545454545455,1.1545454545454543
2011,SK Raina,201,165,7.3090909090909095,190,153,7.450980392156863,0.1418894830659534
2011,SK Trivedi,303,214,8.495327102803738,294,208,8.480769230769232,-0.014557872034506758
2011,SK Warne,297,282,6.319148936170213,267,258,6.209302325581396,-0.10984661058881695
2011,SL Malinga,375,378,5.9523809523809526,375,378,5.9523809523809526,0.0
2011,SR Watson,241,216,6.694444444444445,222,192,6.9375,0.24305555555555536
2011,SW Tait,127,89,8.561797752808989,91,71,7.690140845070422,-0.8716569077385667
2011,Shakib Al Hasan,175,153,6.862745098039215,175,153,6.862745098039215,0.0
2011,TG Southee,166,114,8.736842105263158,166,114,8.736842105263158,0.0
2011,TL Suman,50,36,8.333333333333334,50,36,8.333333333333334,0.0
2011,TM Dilshan,108,72,9.0,93,60,9.3,0.3000000000000007
2011,V Kohli,139,102,8.176470588235293,123,90,8.2,0.0235294117647058
2011,WD Parnell,213,176,7.261363636363637,109,84,7.785714285714286,0.5243506493506489
2011,YK Pathan,238,234,6.102564102564102,197,198,5.96969696969697,-0.13286713286713248
2011,Yuvraj Singh,192,174,6.620689655172414,46,36,7.666666666666667,1.0459770114942533
2011,Z Khan,455,354,7.711864406779661,307,258,7.1395348837209305,-0.5723295230587304
2012,A Chandila,86,84,6.142857142857143,29,24,7.25,1.1071428571428568
2012,A Nehra,402,288,8.375,311,222,8.405405405405405,0.03040540540540526
2012,A Singh,310,197,9.441624365482232,310,197,9.441624365482232,0.0
2012,AA Chavan,236,164,8.634146341463415,204,146,8.383561643835616,-0.250584697627799
2012,AB Agarkar,134,86,9.348837209302324,134,86,9.348837209302324,0.0
2012,AB Dinda,169,144,7.041666666666667,141,132,6.409090909090909,-0.6325757575757578
2012,AB McDonald,61,60,6.1,36,36,6.0,-0.09999999999999964
2012,AC Thomas,109,84,7.785714285714286,63,60,6.3,-1.4857142857142858
2012,AD Mathews,192,156,7.384615384615385,117,72,9.75,2.365384615384615
2012,AD Russell,161,96,10.0625,161,96,10.0625,0.0
2012,Azhar Mahmood,329,256,7.7109375,173,140,7.414285714285715,-0.2966517857142854
2012,B Kumar,281,234,7.205128205128205,142,120,7.1,-0.10512820512820564
2012,B Lee,299,228,7.868421052631579,234,168,8.357142857142858,0.4887218045112789
2012,BW Hilfenhaus,233,204,6.852941176470588,225,180,7.5,0.6470588235294121
2012,CJ McKay,60,42,8.571428571428571,24,18,8.0,-0.5714285714285712
2012,DE Bollinger,157,108,8.722222222222221,73,54,8.11111111111111,-0.6111111111111107
2012,DJ Bravo,462,346,8.011560693641618,372,280,7.9714285714285715,-0.04013212221304663
2012,DJ Hussey,63,54,7.0,34,36,5.666666666666667,-1.333333333333333
2012,DL Vettori,236,210,6.742857142857143,138,114,7.2631578947368425,0.5203007518796996
2012,DR Smith,95,78,7.3076923076923075,95,78,7.3076923076923075,0.0
2012,DS Kulkarni,64,48,8.0,64,48,8.0,0.0
2012,GB Hogg,253,216,7.027777777777778,223,192,6.96875,-0.05902777777777768
2012,HV Patel,340,246,8.292682926829269,152,102,8.941176470588236,0.648493543758967
2012,Harbhajan Singh,384,324,7.111111111111111,355,306,6.96078431372549,-0.15032679738562038
2012,Harmeet Singh,191,134,8.55223880597015,22,18,7.333333333333333,-1.2189054726368171
2012,IK Pathan,465,360,7.75,465,360,7.75,0.0
2012,Iqbal Abdulla,144,132,6.545454545454546,120,114,6.315789473684211,-0.22966507177033524
2012,J Botha,297,246,7.2439024390243905,221,174,7.620689655172414,0.37678721614802324
2012,JA Morkel,385,297,7.777777777777778,326,243,8.049382716049383,0.27160493827160526
2012,JD Ryder,70,42,10.0,55,36,9.166666666666666,-0.8333333333333339
2012,JEC Franklin,121,90,8.066666666666666,116,84,8.285714285714286,0.21904761904762005
2012,JH Kallis,403,324,7.462962962962963,312,252,7.428571428571429,-0.03439153439153397
2012,KA Pollard,350,263,7.984790874524714,323,245,7.910204081632653,-0.07458679289206138
2012,KK Cooper,174,144,7.25,174,144,7.25,0.0
2012,KMDN Kulasekara,94,84,6.714285714285714,84,72,7.0,0.2857142857142856
2012,KP Appanna,148,102,8.705882352941176,106,66,9.636363636363637,0.930481283422461
2012,KP Pietersen,53,36,8.833333333333334,53,36,8.833333333333334,0.0
2012,L Balaji,162,180,5.4,117,132,5.318181818181818,-0.08181818181818201
2012,M Kartik,266,216,7.388888888888889,173,150,6.92,-0.46888888888888935
2012,M Morkel,453,378,7.190476190476191,453,378,7.190476190476191,0.0
2012,M Muralitharan,260,240,6.5,109,120,5.45,-1.0499999999999998
2012,M de Lange,107,60,10.7,71,42,10.142857142857142,-0.5571428571428569
2012,MM Patel,367,280,7.864285714285715,326,256,7.640625,-0.22366071428571477
2012,MN Samuels,216,172,7.534883720930233,216,172,7.534883720930233,0.0
2012,P Awana,372,282,7.914893617021277,183,138,7.956521739130435,0.04162812210915767
2012,P Kumar,434,378,6.888888888888889,134,144,5.583333333333333,-1.3055555555555562
2012,P Negi,152,132,6.909090909090909,152,132,6.909090909090909,0.0
2012,PP Chawla,419,342,7.350877192982456,179,120,8.95,1.599122807017543
2012,PP Ojha,220,180,7.333333333333333,220,180,7.333333333333333,0.0
2012,Pankaj Singh,170,126,8.095238095238095,170,126,8.095238095238095,0.0
2012,R Ashwin,431,395,6.546835443037975,351,317,6.643533123028391,0.09669767999041579
2012,R Bhatia,389,319,7.316614420062696,306,252,7.285714285714286,-0.030900134348410546
2012,R Sharma,300,222,8.108108108108109,238,180,7.933333333333334,-0.1747747747747752
2012,R Vinay Kumar,480,335,8.597014925373134,227,167,8.155688622754491,-0.44132630261864314
2012,RA Jadeja,273,210,7.8,199,132,9.045454545454545,1.2454545454545451
2012,RE van der Merwe,60,60,6.0,60,60,6.0,0.0
2012,RJ Harris,130,108,7.222222222222222,98,84,7.0,-0.22222222222222232
2012,RJ Peterson,70,48,8.75,67,42,9.571428571428571,0.8214285714285712
2012,RP Singh,318,246,7.7560975609756095,291,222,7.864864864864865,0.10876730388925537
2012,S Nadeem,318,270,7.066666666666666,318,270,7.066666666666666,0.0
2012,SB Jakati,336,246,8.195121951219512,294,210,8.4,0.204878048780488
2012,SC Ganguly,95,60,9.5,78,48,9.75,0.25
2012,SK Raina,105,84,7.5,95,72,7.916666666666667,0.41666666666666696
2012,SK Trivedi,380,312,7.3076923076923075,271,222,7.324324324324325,0.016632016632017077
2012,SL Malinga,350,333,6.306306306306307,350,333,6.306306306306307,0.0
2012,SP Narine,324,355,5.476056338028169,273,307,5.335504885993486,-0.1405514520346829
2012,SR Watson,161,138,7.0,89,66,8.090909090909092,1.0909090909090917
2012,STR Binny,78,60,7.8,32,30,6.4,-1.3999999999999995
2012,SW Tait,151,137,6.6131386861313874,33,43,4.604651162790698,-2.0084875233406896
2012,Shakib Al Hasan,195,180,6.5,157,138,6.826086956521739,0.32608695652173925
2012,UT Yadav,453,366,7.426229508196721,453,366,7.426229508196721,0.0
2012,VR Aaron,271,186,8.741935483870968,271,186,8.741935483870968,0.0
2012,VY Mahesh,81,56,8.678571428571429,60,32,11.25,2.571428571428571
2012,WD Parnell,128,126,6.095238095238095,61,66,5.545454545454546,-0.549783549783549
2012,YK Pathan,182,132,8.272727272727273,128,96,8.0,-0.2727272727272734
2012,Z Khan,453,360,7.55,233,168,8.321428571428571,0.7714285714285714
2013,A Ashish Reddy,70,40,10.5,70,40,10.5,0.0
2013,A Chandila,156,150,6.24,156,150,6.24,0.0
2013,A Mishra,394,372,6.354838709677419,394,372,6.354838709677419,0.0
2013,A Nehra,316,216,8.777777777777779,55,42,7.857142857142857,-0.9206349206349218
2013,AA Chavan,63,54,7.0,63,54,7.0,0.0
2013,AD Russell,68,42,9.714285714285714,55,36,9.166666666666666,-0.5476190476190474
2013,AN Ahmed,45,42,6.428571428571429,45,42,6.428571428571429,0.0
2013,Anand Rajan,42,48,5.25,42,48,5.25,0.0
2013,Azhar Mahmood,330,263,7.52851711026616,35,24,8.75,1.2214828897338403
2013,B Laughlin,71,42,10.142857142857142,46,24,11.5,1.3571428571428577
2013,B Lee,86,72,7.166666666666667,60,48,7.5,0.33333333333333304
2013,BA Bhatt,32,30,6.4,32,30,6.4,0.0
2013,CH Morris,401,300,8.02,374,276,8.130434782608695,0.11043478260869577
2013,DJ Bravo,497,375,7.952,426,327,7.81651376146789,-0.13548623853210984
2013,DJ Hussey,91,66,8.272727272727273,14,24,3.5,-4.772727272727273
2013,DJG Sammy,168,134,7.522388059701493,168,134,7.522388059701493,0.0
2013,DP Nannes,158,119,7.966386554621849,123,72,10.25,2.283613445378151
2013,DR Smith,59,30,11.8,59,30,11.8,0.0
2013,DS Kulkarni,151,112,8.089285714285714,151,112,8.089285714285714,0.0
2013,DT Christian,55,36,9.166666666666666,55,36,9.166666666666666,0.0
2013,DW Steyn,384,407,5.660933660933662,384,407,5.660933660933662,0.0
2013,GH Vihari,38,36,6.333333333333333,38,36,6.333333333333333,0.0
2013,Harbhajan Singh,456,420,6.514285714285714,421,408,6.1911764705882355,-0.32310924369747873
2013,Harmeet Singh,121,92,7.891304347826087,82,68,7.235294117647059,-0.656010230179028
2013,I Sharma,466,358,7.810055865921788,466,358,7.810055865921788,0.0
2013,IK Pathan,382,308,7.441558441558441,46,36,7.666666666666667,0.22510822510822592
2013,J Botha,109,100,6.539999999999999,41,28,8.785714285714285,2.2457142857142856
2013,J Syed Mohammad,91,60,9.1,91,60,9.1,0.0
2013,JA Morkel,159,144,6.625,159,144,6.625,0.0
2013,JD Unadkat,370,294,7.551020408163265,370,294,7.551020408163265,0.0
2013,JH Kallis,394,318,7.433962264150943,81,66,7.363636363636363,-0.07032590051457976
2013,JJ Bumrah,70,42,10.0,70,42,10.0,0.0
2013,JO Holder,168,120,8.4,168,120,8.4,0.0
2013,JP Faulkner,427,379,6.759894459102902,427,379,6.759894459102902,0.0
2013,KA Pollard,292,186,9.419354838709678,278,174,9.586206896551724,0.16685205784204626
2013,KK Cooper,449,324,8.314814814814815,449,324,8.314814814814815,0.0
2013,KV Sharma,230,209,6.602870813397129,230,209,6.602870813397129,0.0
2013,L Balaji,387,300,7.74,53,45,7.066666666666666,-0.6733333333333338
2013,M Kartik,284,234,7.282051282051282,284,234,7.282051282051282,0.0
2013,M Muralitharan,177,138,7.695652173913044,177,138,7.695652173913044,0.0
2013,MC Henriques,185,127,8.74015748031496,185,127,8.74015748031496,0.0
2013,MG Johnson,459,384,7.171875,433,360,7.216666666666667,0.044791666666666785
2013,MM Patel,137,90,9.133333333333333,137,90,9.133333333333333,0.0
2013,MM Sharma,326,304,6.434210526315789,326,304,6.434210526315789,0.0
2013,Mohammed Shami,78,54,8.666666666666666,26,18,8.666666666666666,0.0
2013,NLTC Perera,478,358,8.011173184357542,478,358,8.011173184357542,0.0
2013,P Awana,412,324,7.62962962962963,21,24,5.25,-2.3796296296296298
2013,P Kumar,373,338,6.621301775147929,57,48,7.125,0.5036982248520712
2013,PP Chawla,418,350,7.1657142857142855,50,36,8.333333333333334,1.1676190476190484
2013,PP Ojha,381,314,7.280254777070064,360,290,7.448275862068965,0.16802108499890167
2013,PV Tambe,88,66,8.0,88,66,8.0,0.0
2013,R Ashwin,390,348,6.724137931034483,347,306,6.803921568627451,0.0797836375929677
2013,R Bhatia,332,263,7.574144486692015,54,48,6.75,-0.8241444866920151
2013,R Dhawan,109,90,7.266666666666667,109,90,7.266666666666667,0.0
2013,R McLaren,94,42,13.428571428571429,34,18,11.333333333333334,-2.095238095238095
2013,R Rampaul,261,226,6.92920353982301,261,226,6.92920353982301,0.0
2013,R Shukla,79,48,9.875,79,48,9.875,0.0
2013,R Vinay Kumar,493,361,8.193905817174516,493,361,8.193905817174516,0.0
2013,RA Jadeja,323,259,7.482625482625483,282,223,7.587443946188341,0.10481846356285818
2013,RP Singh,335,239,8.410041841004183,335,239,8.410041841004183,0.0
2013,S Nadeem,259,264,5.886363636363637,44,48,5.5,-0.3863636363636367
2013,S Sreesanth,163,130,7.523076923076923,163,130,7.523076923076923,0.0
2013,SK Trivedi,410,359,6.852367688022284,410,359,6.852367688022284,0.0
2013,SL Malinga,468,392,7.163265306122449,443,368,7.2228260869565215,0.05956078083407235
2013,SP Narine,350,384,5.46875,58,72,4.833333333333333,-0.635416666666667
2013,SR Watson,298,250,7.152,298,250,7.152,0.0
2013,STR Binny,162,144,6.75,162,144,6.75,0.0
2013,SW Tait,98,60,9.8,98,60,9.8,0.0
2013,UT Yadav,508,347,8.78386167146974,47,42,6.714285714285714,-2.0695759571840258
2013,VS Malik,59,60,5.9,59,60,5.9,0.0
2013,Z Khan,47,36,7.833333333333333,47,36,7.833333333333333,0.0
2014,A Mishra,340,225,9.066666666666666,88,60,8.8,-0.2666666666666657
2014,A Nehra,142,90,9.466666666666667,118,72,9.833333333333334,0.36666666666666714
2014,AB Dinda,270,186,8.709677419354838,233,168,8.321428571428571,-0.3882488479262669
2014,AD Russell,52,30,10.4,52,30,10.4,0.0
2014,AN Ahmed,113,86,7.883720930232558,73,62,7.064516129032258,-0.8192048012002999
2014,AR Patel,405,396,6.136363636363637,405,396,6.136363636363637,0.0
2014,Ankit Sharma,43,48,5.375,43,48,5.375,0.0
2014,B Kumar,354,319,6.6583072100313485,140,108,7.777777777777778,1.1194705677464292
2014,BE Hendricks,126,72,10.5,126,72,10.5,0.0
2014,BW Hilfenhaus,246,168,8.785714285714286,237,156,9.115384615384615,0.3296703296703285
2014,CJ Anderson,184,108,10.222222222222221,82,48,10.25,0.027777777777778567
2014,DR Smith,95,60,9.5,56,36,9.333333333333334,-0.16666666666666607
2014,DS Kulkarni,221,162,8.185185185185185,221,162,8.185185185185185,0.0
2014,DW Steyn,431,336,7.696428571428571,186,120,9.3,1.6035714285714295
2014,GJ Maxwell,132,66,12.0,132,66,12.0,0.0
2014,HV Patel,113,66,10.272727272727273,113,66,10.272727272727273,0.0
2014,Harbhajan Singh,356,330,6.472727272727273,109,90,7.266666666666667,0.793939393939394
2014,IC Pandey,318,252,7.571428571428571,295,228,7.7631578947368425,0.1917293233082713
2014,IK Pathan,205,142,8.661971830985916,86,54,9.555555555555555,0.8935837245696394
2014,JA Morkel,126,96,7.875,106,84,7.571428571428571,-0.3035714285714288
2014,JD Unadkat,270,187,8.663101604278074,183,115,9.54782608695652,0.8847244826784468
2014,JDS Neesham,91,54,10.11111111111111,77,48,9.625,-0.4861111111111107
2014,JH Kallis,186,132,8.454545454545455,186,132,8.454545454545455,0.0
2014,JJ Bumrah,301,238,7.588235294117648,84,58,8.689655172413794,1.101419878296146
2014,JP Duminy,240,198,7.2727272727272725,104,78,8.0,0.7272727272727275
2014,JP Faulkner,419,258,9.744186046511627,419,258,9.744186046511627,0.0
2014,KA Pollard,262,150,10.48,62,36,10.333333333333334,-0.1466666666666665
2014,KK Cooper,134,108,7.444444444444445,134,108,7.444444444444445,0.0
2014,KV Sharma,376,304,7.421052631578948,157,106,8.886792452830187,1.4657398212512396
2014,KW Richardson,206,162,7.62962962962963,206,162,7.62962962962963,0.0
2014,Karanveer Singh,164,120,8.2,164,120,8.2,0.0
2014,L Balaji,299,204,8.794117647058824,299,204,8.794117647058824,0.0
2014,LR Shukla,83,56,8.892857142857142,71,48,8.875,-0.01785714285714235
2014,M Kartik,91,48,11.375,91,48,11.375,0.0
2014,M Morkel,367,288,7.645833333333333,367,288,7.645833333333333,0.0
2014,M Muralitharan,124,96,7.75,99,72,8.25,0.5
2014,MA Starc,402,322,7.490683229813665,310,262,7.099236641221374,-0.39144658859229065
2014,MC Henriques,96,60,9.6,85,48,10.625,1.0250000000000004
2014,MG Johnson,444,321,8.299065420560748,444,321,8.299065420560748,0.0
2014,MM Sharma,452,323,8.396284829721361,400,288,8.333333333333334,-0.06295149638802755
2014,Mohammed Shami,369,264,8.386363636363637,231,168,8.25,-0.1363636363636367
2014,P Awana,245,141,10.425531914893616,245,141,10.425531914893616,0.0
2014,P Kumar,78,72,6.5,27,24,6.75,0.25
2014,P Negi,75,42,10.714285714285714,38,24,9.5,-1.2142857142857135
2014,PP Chawla,303,237,7.670886075949367,303,237,7.670886075949367,0.0
2014,PP Ojha,380,276,8.26086956521739,138,90,9.2,0.9391304347826086
2014,PV Tambe,356,294,7.26530612244898,356,294,7.26530612244898,0.0
2014,Parvez Rasool,83,54,9.222222222222221,57,30,11.4,2.177777777777779
2014,R Ashwin,437,359,7.303621169916434,393,323,7.30030959752322,-0.003311572393214668
2014,R Bhatia,283,228,7.447368421052632,283,228,7.447368421052632,0.0
2014,R Dhawan,365,284,7.711267605633802,365,284,7.711267605633802,0.0
2014,R Rampaul,37,36,6.166666666666667,16,24,4.0,-2.166666666666667
2014,R Sharma,65,36,10.833333333333334,65,36,10.833333333333334,0.0
2014,R Tewatia,59,54,6.555555555555555,59,54,6.555555555555555,0.0
2014,R Vinay Kumar,281,192,8.78125,281,192,8.78125,0.0
2014,RA Jadeja,443,326,8.153374233128835,382,286,8.013986013986015,-0.13938821914281974
2014,RN ten Doeschate,35,30,7.0,35,30,7.0,0.0
2014,S Badree,97,84,6.928571428571429,97,84,6.928571428571429,0.0
2014,S Gopal,113,84,8.071428571428571,36,18,12.0,3.928571428571429
2014,S Kaul,126,78,9.692307692307692,29,18,9.666666666666666,-0.02564102564102555
2014,S Nadeem,311,228,8.18421052631579,205,144,8.541666666666666,0.3574561403508767
2014,SK Raina,134,108,7.444444444444445,134,108,7.444444444444445,0.0
2014,SL Malinga,258,235,6.587234042553192,52,45,6.933333333333334,0.3460992907801419
2014,SP Narine,407,384,6.359375,407,384,6.359375,0.0
2014,SR Watson,165,126,7.857142857142857,165,126,7.857142857142857,0.0
2014,STR Binny,64,54,7.111111111111111,64,54,7.111111111111111,0.0
2014,Sandeep Sharma,354,241,8.813278008298756,354,241,8.813278008298756,0.0
2014,Shakib Al Hasan,334,300,6.68,334,300,6.68,0.0
2014,Shivam Sharma,121,96,7.5625,121,96,7.5625,0.0
2014,TG Southee,76,60,7.6,76,60,7.6,0.0
2014,UT Yadav,367,270,8.155555555555555,367,270,8.155555555555555,0.0
2014,VR Aaron,299,220,8.154545454545454,258,203,7.625615763546797,-0.5289296909986572
2014,WD Parnell,223,181,7.392265193370165,138,114,7.2631578947368425,-0.12910729863332282
2014,YS Chahal,386,330,7.0181818181818185,293,258,6.813953488372093,-0.20422832980972583
2014,Yuvraj Singh,187,136,8.25,94,64,8.8125,0.5625
2014,Z Khan,146,134,6.537313432835822,44,48,5.5,-1.0373134328358216
2015,A Ashish Reddy,50,36,8.333333333333334,20,18,6.666666666666667,-1.666666666666667
2015,A Mishra,310,241,7.717842323651452,222,175,7.611428571428571,-0.10641375222288119
2015,A Nehra,449,372,7.241935483870968,449,372,7.241935483870968,0.0
2015,AB Dinda,62,30,12.4,62,30,12.4,0.0
2015,AD Mathews,246,180,8.2,210,150,8.4,0.20000000000000107
2015,AD Russell,324,244,7.967213114754099,324,244,7.967213114754099,0.0
2015,AN Ahmed,128,72,10.666666666666666,128,72,10.666666666666666,0.0
2015,AR Patel,392,280,8.4,179,131,8.198473282442748,-0.20152671755725216
2015,Ankit Sharma,114,84,8.142857142857142,86,66,7.818181818181818,-0.324675324675324
2015,Anureet Singh,465,310,9.0,215,144,8.958333333333334,-0.041666666666666075
2015,B Kumar,407,310,7.87741935483871,135,101,8.01980198019802,0.14238262535930968
2015,CH Morris,311,252,7.404761904761905,246,204,7.235294117647059,-0.16946778711484622
2015,D Wiese,353,254,8.338582677165354,242,182,7.978021978021978,-0.36056069914337563
2015,DJ Bravo,426,314,8.140127388535031,426,314,8.140127388535031,0.0
2015,DJ Hooda,129,91,8.505494505494505,129,91,8.505494505494505,0.0
2015,DJ Muthuswami,101,84,7.214285714285714,77,66,7.0,-0.2142857142857144
2015,DS Kulkarni,277,210,7.914285714285715,213,162,7.888888888888889,-0.025396825396825307
2015,DW Steyn,170,114,8.947368421052632,71,48,8.875,-0.07236842105263186
2015,GB Hogg,144,126,6.857142857142857,144,126,6.857142857142857,0.0
2015,GS Sandhu,82,48,10.25,49,24,12.25,2.0
2015,HH Pandya,176,102,10.352941176470589,115,66,10.454545454545455,0.10160427807486627
2015,HV Patel,328,263,7.482889733840304,241,191,7.570680628272251,0.08779089443194721
2015,Harbhajan Singh,446,342,7.824561403508772,213,174,7.344827586206897,-0.4797338173018755
2015,I Sharma,159,84,11.357142857142858,49,24,12.25,0.8928571428571423
2015,IC Pandey,223,186,7.193548387096774,223,186,7.193548387096774,0.0
2015,Imran Tahir,314,213,8.845070422535212,225,165,8.181818181818182,-0.6632522407170303
2015,Iqbal Abdulla,150,114,7.894736842105263,86,66,7.818181818181818,-0.07655502392344449
2015,J Botha,81,60,8.1,81,60,8.1,0.0
2015,J Suchith,337,234,8.64102564102564,153,114,8.052631578947368,-0.5883940620782724
2015,JA Morkel,109,72,9.083333333333334,28,18,9.333333333333334,0.25
2015,JJ Bumrah,184,90,12.266666666666667,90,42,12.857142857142858,0.5904761904761902
2015,JP Duminy,126,102,7.411764705882353,78,72,6.5,-0.9117647058823533
2015,JP Faulkner,426,270,9.466666666666667,339,222,9.162162162162161,-0.3045045045045054
2015,KA Pollard,120,76,9.473684210526317,47,36,7.833333333333333,-1.6403508771929838
2015,KV Sharma,332,239,8.334728033472803,116,65,10.707692307692307,2.3729642742195036
2015,Karanveer Singh,157,84,11.214285714285714,86,48,10.75,-0.4642857142857135
2015,M Morkel,206,168,7.357142857142857,206,168,7.357142857142857,0.0
2015,MA Starc,291,258,6.767441860465116,204,186,6.580645161290323,-0.1867966991747929
2015,MC Henriques,158,150,6.32,36,48,4.5,-1.8200000000000003
2015,MG Johnson,336,215,9.37674418604651,213,143,8.937062937062937,-0.4396812489835735
2015,MJ McClenaghan,386,282,8.212765957446809,198,138,8.608695652173912,0.39592969472710315
2015,MM Sharma,481,342,8.43859649122807,481,342,8.43859649122807,0.0
2015,NLTC Perera,55,36,9.166666666666666,33,24,8.25,-0.9166666666666661
2015,NM Coulter-Nile,321,255,7.552941176470588,282,213,7.943661971830986,0.39072079536039794
2015,P Kumar,329,216,9.13888888888889,91,66,8.272727272727273,-0.8661616161616159
2015,P Negi,252,180,8.4,252,180,8.4,0.0
2015,P Suyal,95,60,9.5,22,18,7.333333333333333,-2.166666666666667
2015,PJ Cummins,97,60,9.7,97,60,9.7,0.0
2015,PP Chawla,269,210,7.685714285714286,269,210,7.685714285714286,0.0
2015,PV Tambe,266,204,7.823529411764706,266,204,7.823529411764706,0.0
2015,R Ashwin,228,234,5.846153846153846,228,234,5.846153846153846,0.0
2015,R Bhatia,46,30,9.2,46,30,9.2,0.0
2015,R Dhawan,110,72,9.166666666666666,73,42,10.428571428571429,1.2619047619047628
2015,R Vinay Kumar,368,261,8.459770114942529,217,141,9.23404255319149,0.7742724382489605
2015,RA Jadeja,330,256,7.734375,330,256,7.734375,0.0
2015,RG More,59,35,10.114285714285716,59,35,10.114285714285716,0.0
2015,RS Bopara,160,120,8.0,56,48,7.0,-1.0
2015,S Aravind,132,108,7.333333333333333,103,84,7.357142857142857,0.023809523809523725
2015,S Nadeem,43,42,6.142857142857143,25,18,8.333333333333334,2.1904761904761907
2015,SA Abbott,57,30,11.4,57,30,11.4,0.0
2015,SK Raina,93,72,7.75,93,72,7.75,0.0
2015,SL Malinga,444,360,7.4,186,168,6.642857142857143,-0.7571428571428571
2015,SP Narine,234,192,7.3125,234,192,7.3125,0.0
2015,SR Watson,269,174,9.275862068965518,199,126,9.476190476190476,0.20032840722495848
2015,STR Binny,140,114,7.368421052631579,129,102,7.588235294117647,0.21981424148606798
2015,Sandeep Sharma,350,300,7.0,143,144,5.958333333333333,-1.041666666666667
2015,Shakib Al Hasan,123,84,8.785714285714286,123,84,8.785714285714286,0.0
2015,TA Boult,236,168,8.428571428571429,76,48,9.5,1.0714285714285712
2015,TG Southee,247,168,8.821428571428571,247,168,8.821428571428571,0.0
2015,UT Yadav,382,252,9.095238095238095,382,252,9.095238095238095,0.0
2015,VR Aaron,177,104,10.211538461538462,177,104,10.211538461538462,0.0
2015,YK Pathan,97,60,9.7,97,60,9.7,0.0
2015,YS Chahal,415,281,8.861209964412812,299,214,8.383177570093459,-0.47803239431935296
2015,Yuvraj Singh,72,54,8.0,26,18,8.666666666666666,0.6666666666666661
2015,Z Khan,156,145,6.455172413793103,80,72,6.666666666666667,0.21149425287356394
2016,A Mishra,344,276,7.478260869565218,268,204,7.882352941176471,0.40409207161125327
2016,A Nehra,199,156,7.653846153846154,178,143,7.468531468531469,-0.18531468531468498
2016,AD Russell,291,219,7.972602739726027,291,219,7.972602739726027,0.0
2016,AS Rajpoot,98,66,8.909090909090908,98,66,8.909090909090908,0.0
2016,Ankit Sharma,84,66,7.636363636363637,27,24,6.75,-0.8863636363636367
2016,B Kumar,490,396,7.424242424242424,389,324,7.203703703703703,-0.2205387205387206
2016,BB Sran,413,297,8.343434343434344,354,249,8.53012048192771,0.18668613849336602
2016,BCJ Cutting,80,67,7.164179104477612,80,67,7.164179104477612,0.0
2016,Bipul Sharma,121,84,8.642857142857142,81,60,8.1,-0.5428571428571427
2016,CH Gayle,63,60,6.3,60,48,7.5,1.2000000000000002
2016,CH Morris,308,264,7.0,237,198,7.181818181818182,0.18181818181818166
2016,CJ Jordan,258,168,9.214285714285714,93,66,8.454545454545455,-0.7597402597402585
2016,CR Brathwaite,189,139,8.158273381294963,102,60,10.2,2.0417266187050362
2016,DJ Bravo,494,336,8.821428571428571,494,336,8.821428571428571,0.0
2016,DJ Hooda,97,78,7.461538461538462,97,78,7.461538461538462,0.0
2016,DR Smith,153,108,8.5,153,108,8.5,0.0
2016,DS Kulkarni,364,294,7.428571428571429,364,294,7.428571428571429,0.0
2016,GB Hogg,142,96,8.875,142,96,8.875,0.0
2016,HH Pandya,153,100,9.18,153,100,9.18,0.0
2016,HV Patel,147,84,10.5,85,54,9.444444444444445,-1.0555555555555554
2016,Harbhajan Singh,392,294,8.0,392,294,8.0,0.0
2016,I Sharma,148,90,9.866666666666667,101,66,9.181818181818182,-0.6848484848484855
2016,Imran Tahir,138,96,8.625,138,96,8.625,0.0
2016,Iqbal Abdulla,213,150,8.52,102,66,9.272727272727273,0.7527272727272738
2016,J Yadav,125,102,7.352941176470588,57,48,7.125,-0.22794117647058787
2016,JJ Bumrah,406,312,7.8076923076923075,406,312,7.8076923076923075,0.0
2016,JO Holder,103,78,7.923076923076923,103,78,7.923076923076923,0.0
2016,JP Duminy,55,42,7.857142857142857,46,36,7.666666666666667,-0.1904761904761898
2016,JP Faulkner,167,102,9.823529411764707,167,102,9.823529411764707,0.0
2016,JW Hastings,37,40,5.55,37,40,5.55,0.0
2016,KA Pollard,81,36,13.5,81,36,13.5,0.0
2016,KH Pandya,236,187,7.572192513368984,236,187,7.572192513368984,0.0
2016,KV Sharma,171,98,10.469387755102042,90,60,9.0,-1.4693877551020424
2016,KW Richardson,136,84,9.714285714285714,25,18,8.333333333333334,-1.3809523809523796
2016,Kuldeep Yadav,100,72,8.333333333333334,100,72,8.333333333333334,0.0
2016,M Ashwin,241,171,8.456140350877194,83,72,6.916666666666667,-1.5394736842105265
2016,M Morkel,297,213,8.366197183098592,297,213,8.366197183098592,0.0
2016,MC Henriques,415,312,7.980769230769231,332,252,7.904761904761905,-0.07600732600732574
2016,MJ McClenaghan,436,320,8.174999999999999,436,320,8.174999999999999,0.0
2016,MR Marsh,45,54,5.0,31,30,6.2,1.2000000000000002
2016,Mohammed Shami,244,151,9.695364238410596,244,151,9.695364238410596,0.0
2016,Mustafizur Rahman,421,366,6.901639344262295,334,294,6.816326530612245,-0.0853128136500505
2016,NLTC Perera,326,199,9.829145728643217,30,16,11.25,1.4208542713567827
2016,NM Coulter-Nile,114,90,7.6,46,42,6.571428571428571,-1.0285714285714285
2016,P Kumar,401,309,7.786407766990291,401,309,7.786407766990291,0.0
2016,P Negi,84,54,9.333333333333334,55,30,11.0,1.666666666666666
2016,PP Chawla,273,212,7.726415094339622,273,212,7.726415094339622,0.0
2016,PV Tambe,143,96,8.9375,143,96,8.9375,0.0
2016,Parvez Rasool,129,84,9.214285714285714,59,42,8.428571428571429,-0.7857142857142847
2016,R Ashwin,319,264,7.25,60,54,6.666666666666667,-0.583333333333333
2016,R Bhatia,244,204,7.176470588235294,40,42,5.714285714285714,-1.46218487394958
2016,R Sathish,59,36,9.833333333333334,59,36,9.833333333333334,0.0
2016,R Vinay Kumar,64,54,7.111111111111111,64,54,7.111111111111111,0.0
2016,RA Jadeja,311,241,7.742738589211618,311,241,7.742738589211618,0.0
2016,RP Singh,111,72,9.25,51,30,10.2,0.9499999999999993
2016,S Aravind,216,175,7.405714285714286,121,96,7.5625,0.1567857142857143
2016,S Kaushik,192,138,8.347826086956522,192,138,8.347826086956522,0.0
2016,S Nadeem,127,90,8.466666666666667,127,90,8.466666666666667,0.0
2016,SB Jakati,178,120,8.9,178,120,8.9,0.0
2016,SK Raina,82,60,8.2,82,60,8.2,0.0
2016,SP Narine,304,256,7.125,304,256,7.125,0.0
2016,SR Watson,485,339,8.584070796460177,219,156,8.423076923076923,-0.16099387338325322
2016,STR Binny,134,102,7.882352941176471,38,30,7.6,-0.28235294117647136
2016,Shakib Al Hasan,243,186,7.838709677419355,243,186,7.838709677419355,0.0
2016,TG Southee,329,258,7.651162790697675,329,258,7.651162790697675,0.0
2016,UT Yadav,234,156,9.0,234,156,9.0,0.0
2016,VR Aaron,227,142,9.591549295774648,54,30,10.8,1.2084507042253527
2016,YK Pathan,33,36,5.5,33,36,5.5,0.0
2016,YS Chahal,401,295,8.155932203389831,200,127,9.448818897637794,1.2928866942479633
2016,Yuvraj Singh,52,37,8.432432432432432,52,37,8.432432432432432,0.0
2016,Z Khan,337,262,7.7175572519083975,243,177,8.23728813559322,0.5197308836848222
2017,A Choudhary,144,101,8.554455445544555,55,24,13.75,5.195544554455445
2017,A Mishra,343,233,8.832618025751072,93,77,7.246753246753246,-1.5858647789978262
2017,A Nehra,197,127,9.307086614173228,197,127,9.307086614173228,0.0
2017,A Zampa,163,119,8.218487394957984,163,119,8.218487394957984,0.0
2017,AB Dinda,119,60,11.9,119,60,11.9,0.0
2017,AD Mathews,56,30,11.2,56,30,11.2,0.0
2017,AR Patel,362,288,7.541666666666667,362,288,7.541666666666667,0.0
2017,AS Rajpoot,107,84,7.642857142857143,107,84,7.642857142857143,0.0
2017,B Kumar,369,314,7.050955414012739,369,314,7.050955414012739,0.0
2017,B Stanlake,70,48,8.75,70,48,8.75,0.0
2017,BA Stokes,316,264,7.181818181818182,298,240,7.45,0.2681818181818185
2017,BCJ Cutting,123,76,9.710526315789474,123,76,9.710526315789474,0.0
2017,Bipul Sharma,129,98,7.89795918367347,129,98,7.89795918367347,0.0
2017,C de Grandhomme,135,96,8.4375,135,96,8.4375,0.0
2017,CH Morris,240,186,7.741935483870968,112,96,7.0,-0.741935483870968
2017,CJ Anderson,186,113,9.876106194690266,23,18,7.666666666666667,-2.2094395280235988
2017,CR Woakes,386,264,8.772727272727273,386,264,8.772727272727273,0.0
2017,DL Chahar,74,42,10.571428571428571,74,42,10.571428571428571,0.0
2017,DT Christian,298,240,7.45,272,216,7.555555555555555,0.10555555555555518
2017,GJ Maxwell,125,114,6.578947368421052,125,114,6.578947368421052,0.0
2017,HH Pandya,213,156,8.192307692307692,177,132,8.045454545454545,-0.14685314685314665
2017,Harbhajan Singh,266,246,6.487804878048781,239,222,6.45945945945946,-0.02834541858932127
2017,I Sharma,179,108,9.944444444444445,179,108,9.944444444444445,0.0
2017,Imran Tahir,369,282,7.851063829787234,342,258,7.953488372093023,0.10242454230578879
2017,Iqbal Abdulla,55,30,11.0,55,30,11.0,0.0
2017,JD Unadkat,322,275,7.025454545454545,297,251,7.099601593625498,0.07414704817095252
2017,JJ Bumrah,440,356,7.415730337078651,372,308,7.246753246753246,-0.16897709032540487
2017,K Rabada,188,128,8.8125,30,24,7.5,-1.3125
2017,KC Cariappa,127,90,8.466666666666667,127,90,8.466666666666667,0.0
2017,KH Pandya,273,240,6.825,228,204,6.705882352941177,-0.11911764705882355
2017,KV Sharma,214,184,6.978260869565217,214,184,6.978260869565217,0.0
2017,Kuldeep Yadav,340,246,8.292682926829269,340,246,8.292682926829269,0.0
2017,LH Ferguson,93,78,7.153846153846154,93,78,7.153846153846154,0.0
2017,MC Henriques,248,144,10.333333333333334,248,144,10.333333333333334,0.0
2017,MG Johnson,141,120,7.05,141,120,7.05,0.0
2017,MJ Henry,71,30,14.2,71,30,14.2,0.0
2017,MJ McClenaghan,507,324,9.38888888888889,420,276,9.130434782608695,-0.25845410628019394
2017,MM Sharma,410,274,8.978102189781023,410,274,8.978102189781023,0.0
2017,MP Stoinis,110,63,10.476190476190476,110,63,10.476190476190476,0.0
2017,Mohammad Nabi,58,66,5.2727272727272725,58,66,5.2727272727272725,0.0
2017,Mohammed Shami,243,156,9.346153846153847,28,18,9.333333333333334,-0.012820512820512775
2017,Mohammed Siraj,212,138,9.217391304347826,212,138,9.217391304347826,0.0
2017,NM Coulter-Nile,228,170,8.047058823529412,228,170,8.047058823529412,0.0
2017,P Negi,197,193,6.124352331606218,38,24,9.5,3.375647668393782
2017,PJ Cummins,373,277,8.079422382671481,119,96,7.4375,-0.6419223826714813
2017,PP Chawla,179,120,8.95,179,120,8.95,0.0
2017,R Bhatia,55,42,7.857142857142857,55,42,7.857142857142857,0.0
2017,R Tewatia,49,54,5.444444444444445,49,54,5.444444444444445,0.0
2017,RD Chahar,58,42,8.285714285714286,58,42,8.285714285714286,0.0
2017,Rashid Khan,358,324,6.62962962962963,358,324,6.62962962962963,0.0
2017,S Aravind,275,183,9.01639344262295,57,42,8.142857142857142,-0.8735362997658083
2017,S Badree,188,150,7.52,9,24,2.25,-5.27
2017,S Kaul,300,214,8.41121495327103,300,214,8.41121495327103,0.0
2017,SL Malinga,382,269,8.520446096654275,346,245,8.473469387755102,-0.04697670889917305
2017,SN Thakur,315,229,8.253275109170307,280,205,8.195121951219512,-0.058153157950794565
2017,SP Narine,412,354,6.983050847457627,412,354,6.983050847457627,0.0
2017,SR Watson,245,161,9.130434782608695,90,54,10.0,0.8695652173913047
2017,STR Binny,50,36,8.333333333333334,24,18,8.0,-0.3333333333333339
2017,Sandeep Sharma,398,288,8.291666666666666,398,288,8.291666666666666,0.0
2017,Swapnil Singh,61,42,8.714285714285714,61,42,8.714285714285714,0.0
2017,T Natarajan,115,76,9.078947368421053,115,76,9.078947368421053,0.0
2017,TA Boult,216,143,9.062937062937063,216,143,9.062937062937063,0.0
2017,TG Southee,96,60,9.6,62,36,10.333333333333334,0.7333333333333343
2017,TS Mills,153,107,8.57943925233645,122,83,8.819277108433734,0.23983785609728514
2017,UT Yadav,410,291,8.45360824742268,410,291,8.45360824742268,0.0
2017,VR Aaron,163,120,8.15,163,120,8.15,0.0
2017,Washington Sundar,185,180,6.166666666666667,185,180,6.166666666666667,0.0
2017,YS Chahal,333,261,7.655172413793103,101,87,6.9655172413793105,-0.6896551724137927
2017,Z Khan,313,241,7.792531120331951,139,96,8.6875,0.894968879668049
2018,A Mishra,264,222,7.135135135135135,46,24,11.5,4.364864864864865
2018,AD Russell,355,227,9.383259911894273,355,227,9.383259911894273,0.0
2018,AJ Tye,448,336,8.0,448,336,8.0,0.0
2018,AR Patel,218,156,8.384615384615385,218,156,8.384615384615385,0.0
2018,AS Rajpoot,223,157,8.522292993630574,223,157,8.522292993630574,0.0
2018,B Kumar,354,277,7.667870036101084,354,277,7.667870036101084,0.0
2018,B Laughlin,211,126,10.047619047619047,211,126,10.047619047619047,0.0
2018,B Stanlake,130,96,8.125,130,96,8.125,0.0
2018,BA Stokes,303,222,8.18918918918919,237,168,8.464285714285714,0.27509652509652405
2018,BB Sran,229,132,10.409090909090908,229,132,10.409090909090908,0.0
2018,BCJ Cutting,168,102,9.882352941176471,35,24,8.75,-1.132352941176471
2018,Basil Thampi,114,61,11.213114754098362,114,61,11.213114754098362,0.0
2018,CH Morris,143,84,10.214285714285714,59,36,9.833333333333334,-0.3809523809523796
2018,CR Brathwaite,94,61,9.245901639344263,94,61,9.245901639344263,0.0
2018,DJ Bravo,533,321,9.962616822429906,533,321,9.962616822429906,0.0
2018,DJ Willey,95,60,9.5,95,60,9.5,0.0
2018,DL Chahar,278,229,7.283842794759826,278,229,7.283842794759826,0.0
2018,DS Kulkarni,188,119,9.478991596638656,188,119,9.478991596638656,0.0
2018,HH Pandya,381,256,8.9296875,87,66,7.909090909090909,-1.0205965909090908
2018,Harbhajan Singh,270,191,8.481675392670157,270,191,8.481675392670157,0.0
2018,IS Sodhi,135,138,5.869565217391305,92,90,6.133333333333334,0.2637681159420291
2018,Imran Tahir,188,124,9.096774193548386,188,124,9.096774193548386,0.0
2018,JC Archer,325,233,8.369098712446352,208,163,7.65644171779141,-0.7126569946549415
2018,JD Unadkat,486,302,9.655629139072847,390,230,10.17391304347826,0.518283904405413
2018,JJ Bumrah,372,324,6.888888888888889,85,60,8.5,1.6111111111111107
2018,JPR Scantlebury-Searles,89,42,12.714285714285714,89,42,12.714285714285714,0.0
2018,K Gowtham,312,240,7.8,254,186,8.193548387096774,0.3935483870967742
2018,KH Pandya,284,241,7.070539419087138,65,61,6.39344262295082,-0.6770967961363175
2018,KM Asif,75,36,12.5,75,36,12.5,0.0
2018,KV Sharma,89,57,9.368421052631579,89,57,9.368421052631579,0.0
2018,Kuldeep Yadav,418,308,8.142857142857142,418,308,8.142857142857142,0.0
2018,L Ngidi,156,156,6.0,156,156,6.0,0.0
2018,M Markande,368,264,8.363636363636363,83,60,8.3,-0.0636363636363626
2018,M Prasidh Krishna,260,168,9.285714285714286,260,168,9.285714285714286,0.0
2018,MG Johnson,216,126,10.285714285714286,216,126,10.285714285714286,0.0
2018,MJ McClenaghan,332,240,8.3,82,66,7.454545454545454,-0.8454545454545466
2018,MM Sharma,322,178,10.853932584269662,322,178,10.853932584269662,0.0
2018,MP Stoinis,120,66,10.909090909090908,120,66,10.909090909090908,0.0
2018,Mohammad Nabi,47,30,9.4,47,30,9.4,0.0
2018,Mohammed Shami,144,83,10.409638554216867,55,35,9.428571428571429,-0.9810671256454384
2018,Mujeeb Ur Rahman,289,248,6.991935483870967,289,248,6.991935483870967,0.0
2018,N Rana,44,37,7.135135135135135,44,37,7.135135135135135,0.0
2018,PP Chawla,412,294,8.408163265306122,412,294,8.408163265306122,0.0
2018,R Ashwin,410,304,8.092105263157896,410,304,8.092105263157896,0.0
2018,R Tewatia,173,132,7.863636363636363,53,48,6.625,-1.2386363636363633
2018,RA Jadeja,303,246,7.390243902439025,303,246,7.390243902439025,0.0
2018,Rashid Khan,458,408,6.735294117647059,458,408,6.735294117647059,0.0
2018,S Gopal,236,186,7.612903225806452,210,168,7.5,-0.11290322580645196
2018,S Kaul,547,396,8.287878787878787,547,396,8.287878787878787,0.0
2018,S Nadeem,161,90,10.733333333333333,34,24,8.5,-2.2333333333333325
2018,SN Thakur,431,280,9.235714285714286,431,280,9.235714285714286,0.0
2018,SP Narine,467,366,7.655737704918033,467,366,7.655737704918033,0.0
2018,SR Watson,251,168,8.964285714285714,251,168,8.964285714285714,0.0
2018,Sandeep Sharma,333,264,7.568181818181818,333,264,7.568181818181818,0.0
2018,Shakib Al Hasan,456,342,8.0,456,342,8.0,0.0
2018,Shivam Mavi,270,168,9.642857142857142,270,168,9.642857142857142,0.0
2018,TA Boult,466,316,8.848101265822786,60,41,8.78048780487805,-0.0676134609447363
2018,TK Curran,118,61,11.606557377049182,118,61,11.606557377049182,0.0
2019,A Mishra,270,240,6.75,270,240,6.75,0.0
2019,AD Russell,287,181,9.513812154696133,167,108,9.277777777777779,-0.23603437691835438
2019,AJ Tye,233,132,10.590909090909092,155,96,9.6875,-0.9034090909090917
2019,AR Patel,364,306,7.137254901960785,342,282,7.276595744680851,0.13934084272006597
2019,AS Joseph,87,52,10.038461538461538,87,52,10.038461538461538,0.0
2019,AS Rajpoot,152,96,9.5,152,96,9.5,0.0
2019,Arshdeep Singh,109,60,10.9,85,48,10.625,-0.27500000000000036
2019,B Kumar,461,354,7.813559322033898,315,258,7.325581395348837,-0.487977926685061
2019,Basil Thampi,110,72,9.166666666666666,110,72,9.166666666666666,0.0
2019,C de Grandhomme,55,30,11.0,27,18,9.0,-2.0
2019,CH Morris,306,198,9.272727272727273,278,174,9.586206896551724,0.3134796238244508
2019,DJ Bravo,330,247,8.016194331983806,330,247,8.016194331983806,0.0
2019,DL Chahar,482,387,7.4728682170542635,482,387,7.4728682170542635,0.0
2019,GC Viljoen,222,138,9.652173913043478,222,138,9.652173913043478,0.0
2019,HF Gurney,238,162,8.814814814814815,140,96,8.75,-0.06481481481481488
2019,HH Pandya,390,255,9.176470588235293,370,231,9.61038961038961,0.433919022154317
2019,HV Patel,77,48,9.625,77,48,9.625,0.0
2019,Harbhajan Singh,312,264,7.090909090909091,312,264,7.090909090909091,0.0
2019,I Sharma,349,276,7.586956521739131,318,252,7.571428571428571,-0.015527950310559646
2019,Imran Tahir,431,386,6.699481865284975,431,386,6.699481865284975,0.0
2019,J Yadav,50,42,7.142857142857143,50,42,7.142857142857143,0.0
2019,JJ Bumrah,409,370,6.632432432432433,382,346,6.624277456647399,-0.008154975785033436
2019,JP Behrendorff,165,114,8.68421052631579,143,90,9.533333333333333,0.8491228070175438
2019,K Rabada,368,282,7.829787234042553,347,258,8.069767441860465,0.2399802078179123
2019,KH Pandya,335,276,7.282608695652174,323,264,7.340909090909091,0.05830039525691699
2019,KK Ahmed,287,209,8.239234449760765,235,161,8.75776397515528,0.5185295253945146
2019,KMA Paul,237,163,8.723926380368098,237,163,8.723926380368098,0.0
2019,Kuldeep Yadav,286,198,8.666666666666666,286,198,8.666666666666666,0.0
2019,LH Ferguson,183,102,10.764705882352942,183,102,10.764705882352942,0.0
2019,M Ashwin,255,204,7.5,198,174,6.827586206896552,-0.6724137931034484
2019,M Markande,59,36,9.833333333333334,59,36,9.833333333333334,0.0
2019,M Prasidh Krishna,377,242,9.347107438016529,312,204,9.176470588235293,-0.1706368497812356
2019,MJ McClenaghan,142,108,7.888888888888889,142,108,7.888888888888889,0.0
2019,MJ Santner,94,84,6.714285714285714,94,84,6.714285714285714,0.0
2019,MM Ali,169,150,6.76,32,30,6.4,-0.35999999999999943
2019,Mohammad Nabi,194,175,6.651428571428571,194,175,6.651428571428571,0.0
2019,Mohammed Shami,469,324,8.685185185185185,437,288,9.104166666666666,0.41898148148148096
2019,Mohammed Siraj,269,169,9.550295857988166,43,36,7.166666666666667,-2.383629191321499
2019,Mujeeb Ur Rahman,191,114,10.052631578947368,191,114,10.052631578947368,0.0
2019,N Rana,72,48,9.0,51,36,8.5,-0.5
2019,Navdeep Saini,397,288,8.270833333333334,64,48,8.0,-0.2708333333333339
2019,PP Chawla,399,267,8.96629213483146,279,195,8.584615384615384,-0.3816767502160765
2019,R Ashwin,400,330,7.2727272727272725,339,282,7.212765957446808,-0.05996131528046433
2019,R Tewatia,42,38,6.631578947368421,42,38,6.631578947368421,0.0
2019,RA Jadeja,343,324,6.351851851851852,343,324,6.351851851851852,0.0
2019,RD Chahar,308,282,6.553191489361702,297,270,6.6,0.046808510638297385
2019,Rashid Khan,377,360,6.283333333333333,288,264,6.545454545454546,0.26212121212121264
2019,S Kaul,242,162,8.962962962962964,175,114,9.210526315789474,0.24756335282651065
2019,S Lamichhane,210,138,9.130434782608695,164,114,8.631578947368421,-0.4988558352402741
2019,S Nadeem,90,54,10.0,30,24,7.5,-2.5
2019,SC Kuggeleijn,71,48,8.875,71,48,8.875,0.0
2019,SE Rutherford,59,41,8.634146341463415,59,41,8.634146341463415,0.0
2019,SL Malinga,438,269,9.769516728624534,404,245,9.893877551020408,0.12436082239587343
2019,SM Curran,323,198,9.787878787878787,247,150,9.88,0.0921212121212136
2019,SN Thakur,281,180,9.366666666666667,281,180,9.366666666666667,0.0
2019,SP Narine,347,266,7.827067669172932,216,170,7.623529411764706,-0.2035382574082254
2019,Sandeep Sharma,352,256,8.25,209,160,7.8374999999999995,-0.41250000000000053
2019,Shakib Al Hasan,95,65,8.769230769230768,53,43,7.395348837209302,-1.3738819320214661
2019,TA Boult,163,114,8.578947368421053,163,114,8.578947368421053,0.0
2019,UT Yadav,371,227,9.806167400881057,39,42,5.571428571428571,-4.2347388294524855
2019,V Shankar,70,48,8.75,29,18,9.666666666666666,0.9166666666666661
2019,Y Prithvi Raj,57,30,11.4,29,18,9.666666666666666,-1.7333333333333343
2019,YS Chahal,386,296,7.824324324324324,44,48,5.5,-2.3243243243243237
2020,A Mishra,72,60,7.2,72,60,7.2,0.0
2020,A Nortje,512,366,8.39344262295082,512,366,8.39344262295082,0.0
2020,A Zampa,92,66,8.363636363636363,92,66,8.363636363636363,0.0
2020,AD Russell,175,108,9.722222222222221,142,84,10.142857142857142,0.4206349206349209
2020,AR Patel,327,306,6.411764705882353,327,306,6.411764705882353,0.0
2020,AS Rajpoot,199,102,11.705882352941176,139,78,10.692307692307692,-1.0135746606334841
2020,Abdul Samad,96,42,13.714285714285714,55,18,18.333333333333332,4.619047619047619
2020,Arshdeep Singh,218,149,8.778523489932887,75,53,8.490566037735848,-0.2879574521970394
2020,BA Stokes,154,90,10.266666666666667,75,42,10.714285714285714,0.44761904761904603
2020,CH Morris,210,190,6.631578947368421,210,190,6.631578947368421,0.0
2020,CJ Jordan,304,189,9.65079365079365,117,87,8.068965517241379,-1.5818281335522713
2020,CV Varun,356,312,6.846153846153846,331,288,6.895833333333333,0.049679487179487225
2020,DJ Bravo,180,126,8.571428571428571,23,18,7.666666666666667,-0.9047619047619042
2020,DL Chahar,396,312,7.615384615384615,137,120,6.85,-0.7653846153846153
2020,DR Sams,114,72,9.5,114,72,9.5,0.0
2020,DW Steyn,133,70,11.4,133,70,11.4,0.0
2020,GJ Maxwell,169,126,8.047619047619047,50,30,10.0,1.9523809523809526
2020,HV Patel,134,90,8.933333333333334,134,90,8.933333333333334,0.0
2020,I Udana,282,174,9.724137931034482,282,174,9.724137931034482,0.0
2020,J Yadav,43,42,6.142857142857143,43,42,6.142857142857143,0.0
2020,JC Archer,365,334,6.5568862275449105,240,214,6.728971962616823,0.17208573507191272
2020,JD Unadkat,228,138,9.91304347826087,197,114,10.368421052631579,0.4553775743707096
2020,JDS Neesham,148,90,9.866666666666667,118,66,10.727272727272727,0.8606060606060595
2020,JJ Bumrah,404,360,6.733333333333333,404,360,6.733333333333333,0.0
2020,JL Pattinson,320,213,9.014084507042254,320,213,9.014084507042254,0.0
2020,JO Holder,233,168,8.321428571428571,100,72,8.333333333333334,0.01190476190476275
2020,JR Hazlewood,64,60,6.4,47,48,5.875,-0.5250000000000004
2020,K Gowtham,84,48,10.5,45,24,11.25,0.75
2020,K Rabada,548,394,8.345177664974619,548,394,8.345177664974619,0.0
2020,KA Pollard,190,126,9.047619047619047,190,126,9.047619047619047,0.0
2020,KH Pandya,380,301,7.574750830564785,380,301,7.574750830564785,0.0
2020,KK Ahmed,242,154,9.428571428571429,106,65,9.784615384615384,0.3560439560439548
2020,KL Nagarkoti,231,156,8.884615384615385,214,144,8.916666666666666,0.03205128205128105
2020,KV Sharma,165,114,8.68421052631579,34,18,11.333333333333334,2.6491228070175445
2020,Kartik Tyagi,367,229,9.615720524017467,175,115,9.130434782608695,-0.4852857414087719
2020,Kuldeep Yadav,92,72,7.666666666666667,38,36,6.333333333333333,-1.333333333333334
2020,L Ngidi,167,96,10.4375,94,48,11.75,1.3125
2020,LH Ferguson,148,119,7.46218487394958,148,119,7.46218487394958,0.0
2020,M Ashwin,235,189,7.4603174603174605,130,105,7.428571428571429,-0.03174603174603163
2020,M Prasidh Krishna,164,105,9.371428571428572,164,105,9.371428571428572,0.0
2020,MM Ali,42,30,8.4,42,30,8.4,0.0
2020,MP Stoinis,283,178,9.539325842696629,283,178,9.539325842696629,0.0
2020,Mohammed Shami,460,322,8.571428571428571,223,138,9.695652173913043,1.1242236024844718
2020,Mohammed Siraj,236,163,8.687116564417177,236,163,8.687116564417177,0.0
2020,NM Coulter-Nile,206,156,7.923076923076923,206,156,7.923076923076923,0.0
2020,Navdeep Saini,379,274,8.299270072992702,379,274,8.299270072992702,0.0
2020,P Dubey,72,48,9.0,72,48,9.0,0.0
2020,PJ Cummins,409,312,7.865384615384615,341,270,7.5777777777777775,-0.2876068376068375
2020,PP Chawla,191,126,9.095238095238095,141,90,9.4,0.30476190476190546
2020,R Ashwin,391,306,7.666666666666667,391,306,7.666666666666667,0.0
2020,R Tewatia,326,276,7.086956521739131,199,162,7.37037037037037,0.2834138486312394
2020,RA Jadeja,318,218,8.75229357798165,172,92,11.217391304347826,2.465097726366176
2020,RD Chahar,433,318,8.169811320754716,433,318,8.169811320754716,0.0
2020,Rashid Khan,344,384,5.375,197,192,6.15625,0.78125
2020,Ravi Bishnoi,376,306,7.372549019607843,170,144,7.083333333333333,-0.28921568627450966
2020,S Dube,73,54,8.11111111111111,73,54,8.11111111111111,0.0
2020,S Gopal,427,300,8.54,289,216,8.027777777777779,-0.5122222222222206
2020,S Nadeem,178,132,8.090909090909092,126,96,7.875,-0.21590909090909172
2020,SM Curran,344,252,8.19047619047619,129,102,7.588235294117647,-0.602240896358543
2020,SN Thakur,275,194,8.505154639175258,73,48,9.125,0.6198453608247423
2020,SP Narine,302,228,7.947368421052632,249,180,8.3,0.35263157894736885
2020,SS Cottrell,176,120,8.8,72,42,10.285714285714286,1.4857142857142858
2020,Sandeep Sharma,374,312,7.1923076923076925,231,192,7.21875,0.026442307692307487
2020,Shahbaz Ahmed,44,36,7.333333333333333,44,36,7.333333333333333,0.0
2020,Shivam Mavi,212,156,8.153846153846153,165,120,8.25,0.0961538461538467
2020,T Natarajan,504,377,8.021220159151193,269,191,8.450261780104713,0.4290416209535195
2020,TA Boult,457,344,7.970930232558139,457,344,7.970930232558139,0.0
2020,TK Curran,208,109,11.449541284403669,208,109,11.449541284403669,0.0
2020,TU Deshpande,192,102,11.294117647058824,192,102,11.294117647058824,0.0
2020,UT Yadav,83,42,11.857142857142858,83,42,11.857142857142858,0.0
2020,V Shankar,82,79,6.227848101265823,42,42,6.0,-0.2278481012658231
2020,Washington Sundar,298,300,5.96,298,300,5.96,0.0
2020,YS Chahal,405,343,7.084548104956268,405,343,7.084548104956268,0.0
2021,A Mishra,109,84,7.785714285714286,109,84,7.785714285714286,0.0
2021,A Nortje,187,182,6.164835164835165,187,182,6.164835164835165,0.0
2021,AD Russell,188,114,9.894736842105264,140,72,11.666666666666666,1.7719298245614024
2021,AF Milne,131,84,9.357142857142858,131,84,9.357142857142858,0.0
2021,AR Patel,306,276,6.6521739130434785,306,276,6.6521739130434785,0.0
2021,Arshdeep Singh,342,248,8.274193548387096,182,134,8.149253731343284,-0.12493981704381163
2021,Avesh Khan,450,366,7.377049180327869,450,366,7.377049180327869,0.0
2021,C Sakariya,426,312,8.192307692307692,167,114,8.789473684210526,0.597165991902834
2021,CH Morris,376,246,9.170731707317072,145,84,10.357142857142858,1.1864111498257852
2021,CJ Jordan,96,72,8.0,76,54,8.444444444444445,0.44444444444444464
2021,CR Woakes,82,66,7.454545454545454,82,66,7.454545454545454,0.0
2021,CV Varun,448,408,6.588235294117647,323,288,6.729166666666667,0.14093137254902022
2021,DJ Bravo,263,202,7.811881188118813,225,166,8.132530120481928,0.320648932363115
2021,DJ Hooda,136,96,8.5,136,96,8.5,0.0
2021,DL Chahar,451,324,8.351851851851851,402,276,8.73913043478261,0.3872785829307581
2021,DR Sams,39,36,6.5,39,36,6.5,0.0
2021,DT Christian,155,100,9.299999999999999,155,100,9.299999999999999,0.0
2021,FA Allen,90,66,8.181818181818182,52,42,7.428571428571429,-0.7532467532467528
2021,GHS Garton,135,90,9.0,135,90,9.0,0.0
2021,GJ Maxwell,135,96,8.4375,135,96,8.4375,0.0
2021,HV Patel,459,338,8.14792899408284,459,338,8.14792899408284,0.0
2021,Harbhajan Singh,63,42,9.0,63,42,9.0,0.0
2021,Harpreet Brar,139,138,6.043478260869565,55,60,5.5,-0.5434782608695654
2021,I Sharma,97,72,8.083333333333334,97,72,8.083333333333334,0.0
2021,J Yadav,130,102,7.647058823529412,130,102,7.647058823529412,0.0
2021,JA Richardson,117,66,10.636363636363637,117,66,10.636363636363637,0.0
2021,JD Unadkat,168,132,7.636363636363637,60,36,10.0,2.3636363636363633
2021,JDS Neesham,66,54,7.333333333333333,66,54,7.333333333333333,0.0
2021,JJ Bumrah,410,330,7.454545454545454,410,330,7.454545454545454,0.0
2021,JR Hazlewood,293,210,8.371428571428572,293,210,8.371428571428572,0.0
2021,K Rabada,456,336,8.142857142857142,456,336,8.142857142857142,0.0
2021,KA Jamieson,269,168,9.607142857142858,269,168,9.607142857142858,0.0
2021,KA Pollard,95,79,7.215189873417722,95,79,7.215189873417722,0.0
2021,KH Pandya,265,199,7.989949748743719,265,199,7.989949748743719,0.0
2021,Kartik Tyagi,124,84,8.857142857142858,69,48,8.625,-0.23214285714285765
2021,L Ngidi,125,72,10.416666666666666,125,72,10.416666666666666,0.0
2021,LH Ferguson,224,180,7.466666666666667,173,132,7.863636363636363,0.39696969696969653
2021,Lalit Yadav,101,84,7.214285714285714,101,84,7.214285714285714,0.0
2021,M Ashwin,97,66,8.818181818181818,97,66,8.818181818181818,0.0
2021,M Jansen,45,36,7.5,45,36,7.5,0.0
2021,M Prasidh Krishna,351,231,9.116883116883116,198,120,9.9,0.7831168831168842
2021,MC Henriques,45,60,4.5,24,30,4.8,0.2999999999999998
2021,MK Lomror,47,42,6.714285714285714,34,30,6.8,0.08571428571428541
2021,MM Ali,161,152,6.355263157894737,111,116,5.741379310344828,-0.6138838475499089
2021,MP Stoinis,117,67,10.477611940298509,117,67,10.477611940298509,0.0
2021,Mohammed Shami,395,316,7.5,255,196,7.806122448979592,0.3061224489795924
2021,Mohammed Siraj,353,312,6.788461538461538,353,312,6.788461538461538,0.0
2021,Mustafizur Rahman,436,311,8.411575562700964,149,114,7.842105263157895,-0.5694702995430694
2021,NM Coulter-Nile,127,120,6.35,127,120,6.35,0.0
2021,PJ Cummins,237,161,8.832298136645964,146,96,9.125,0.29270186335403636
2021,PWH de Silva,60,36,10.0,60,36,10.0,0.0
2021,R Ashwin,331,268,7.41044776119403,331,268,7.41044776119403,0.0
2021,R Parag,73,37,11.837837837837837,46,18,15.333333333333334,3.495495495495497
2021,R Tewatia,340,222,9.18918918918919,116,84,8.285714285714286,-0.903474903474903
2021,RA Jadeja,346,294,7.061224489795919,311,258,7.232558139534884,0.17133364973896548
2021,RD Chahar,318,258,7.395348837209302,318,258,7.395348837209302,0.0
2021,RP Meredith,169,102,9.941176470588236,169,102,9.941176470588236,0.0
2021,Ravi Bishnoi,230,216,6.388888888888889,99,96,6.1875,-0.20138888888888928
2021,S Gopal,84,42,12.0,35,18,11.666666666666666,-0.3333333333333339
2021,SM Curran,328,198,9.93939393939394,292,168,10.428571428571429,0.4891774891774894
2021,SN Thakur,527,359,8.807799442896936,439,313,8.415335463258787,-0.3924639796381495
2021,SP Narine,361,336,6.446428571428571,243,216,6.75,0.3035714285714288
2021,Shahbaz Ahmed,92,84,6.571428571428571,92,84,6.571428571428571,0.0
2021,Shakib Al Hasan,187,156,7.1923076923076925,187,156,7.1923076923076925,0.0
2021,Shivam Mavi,233,193,7.243523316062177,176,139,7.597122302158273,0.3535989860960962
2021,TA Boult,406,308,7.909090909090908,406,308,7.909090909090908,0.0
2021,TG Southee,95,72,7.916666666666667,95,72,7.916666666666667,0.0
2021,TK Curran,104,68,9.176470588235293,104,68,9.176470588235293,0.0
2021,VR Iyer,69,51,8.117647058823529,69,51,8.117647058823529,0.0
2021,Washington Sundar,118,96,7.375,118,96,7.375,0.0
2021,YS Chahal,374,318,7.056603773584905,374,318,7.056603773584905,0.0
2022,A Nortje,217,134,9.716417910447761,147,96,9.1875,-0.5289179104477615
2022,AD Russell,278,169,9.8698224852071,148,82,10.829268292682928,0.9594458074758272
2022,AJ Tye,107,66,9.727272727272727,67,42,9.571428571428571,-0.15584415584415545
2022,AK Markram,64,36,10.666666666666666,47,24,11.75,1.083333333333334
2022,AR Patel,321,258,7.465116279069767,165,120,8.25,0.7848837209302326
2022,AS Joseph,264,180,8.8,264,180,8.8,0.0
2022,Akash Deep,205,113,10.88495575221239,78,48,9.75,-1.1349557522123899
2022,Arshdeep Singh,385,300,7.7,107,78,8.23076923076923,0.5307692307692298
2022,Avesh Khan,416,286,8.727272727272728,345,240,8.625,-0.1022727272727284
2022,B Kumar,383,313,7.34185303514377,144,133,6.496240601503759,-0.845612433640011
2022,C Sakariya,84,66,7.636363636363637,23,24,5.75,-1.8863636363636367
2022,CV Varun,332,234,8.512820512820513,221,150,8.84,0.3271794871794871
2022,DG Nalkande,59,31,11.419354838709676,59,31,11.419354838709676,0.0
2022,Fazalhaq Farooqi,110,72,9.166666666666666,47,24,11.75,2.583333333333334
2022,GJ Maxwell,165,144,6.875,165,144,6.875,0.0
2022,HH Pandya,222,183,7.278688524590164,222,183,7.278688524590164,0.0
2022,HV Patel,410,321,7.663551401869159,345,249,8.313253012048193,0.6497016101790338
2022,Harpreet Brar,146,96,9.125,58,30,11.6,2.4749999999999996
2022,J Suchith,140,108,7.777777777777778,70,66,6.363636363636363,-1.4141414141414144
2022,JO Holder,391,249,9.421686746987952,391,249,9.421686746987952,0.0
2022,JR Hazlewood,377,279,8.10752688172043,377,279,8.10752688172043,0.0
2022,K Gowtham,99,72,8.25,99,72,8.25,0.0
2022,K Rabada,406,288,8.458333333333334,86,60,8.6,0.14166666666666572
2022,KH Pandya,265,228,6.973684210526316,212,186,6.838709677419355,-0.13497453310696095
2022,KK Ahmed,315,235,8.042553191489363,156,115,8.139130434782608,0.09657724329324502
2022,KR Sen,237,151,9.417218543046356,237,151,9.417218543046356,0.0
2022,Kartik Tyagi,79,48,9.875,79,48,9.875,0.0
2022,Kuldeep Yadav,419,298,8.436241610738255,160,126,7.619047619047619,-0.8171939916906368
2022,LH Ferguson,427,286,8.958041958041958,427,286,8.958041958041958,0.0
2022,LS Livingstone,202,138,8.782608695652174,64,33,11.636363636363637,2.853754940711463
2022,Lalit Yadav,150,108,8.333333333333334,21,18,7.0,-1.333333333333334
2022,M Jansen,274,192,8.5625,161,96,10.0625,1.5
2022,M Prasidh Krishna,551,399,8.285714285714286,551,399,8.285714285714286,0.0
2022,MP Stoinis,79,42,11.285714285714286,79,42,11.285714285714286,0.0
2022,MR Marsh,102,72,8.5,66,48,8.25,-0.25
2022,Mohammed Shami,488,366,8.0,488,366,8.0,0.0
2022,Mohammed Siraj,514,306,10.07843137254902,387,234,9.923076923076923,-0.15535444947209598
2022,Mohsin Khan,197,198,5.96969696969697,179,186,5.774193548387097,-0.19550342130987275
2022,Mustafizur Rahman,244,192,7.625,23,24,5.75,-1.875
2022,Navdeep Saini,72,36,12.0,72,36,12.0,0.0
2022,OC McCoy,237,155,9.174193548387096,237,155,9.174193548387096,0.0
2022,OF Smith,178,90,11.866666666666667,140,66,12.727272727272727,0.8606060606060595
2022,PJ Cummins,212,119,10.689075630252102,190,95,12.0,1.310924369747898
2022,PJ Sangwan,65,54,7.222222222222222,65,54,7.222222222222222,0.0
2022,PVD Chameera,384,264,8.727272727272727,313,222,8.45945945945946,-0.267813267813267
2022,PWH de Silva,430,342,7.543859649122807,338,270,7.511111111111111,-0.032748538011696304
2022,R Ashwin,503,402,7.507462686567164,503,402,7.507462686567164,0.0
2022,R Sai Kishore,121,96,7.5625,121,96,7.5625,0.0
2022,R Tewatia,76,36,12.666666666666666,76,36,12.666666666666666,0.0
2022,RD Chahar,360,280,7.714285714285714,101,96,6.3125,-1.4017857142857144
2022,Rashid Khan,421,383,6.595300261096606,421,383,6.595300261096606,0.0
2022,Ravi Bishnoi,456,324,8.444444444444445,398,276,8.652173913043478,0.20772946859903385
2022,SN Thakur,473,290,9.786206896551723,222,132,10.090909090909092,0.30470219435736823
2022,SP Narine,312,336,5.571428571428571,141,168,5.035714285714286,-0.5357142857142856
2022,Sandeep Sharma,153,120,7.65,37,24,9.25,1.5999999999999996
2022,Shahbaz Ahmed,336,210,9.6,314,198,9.515151515151516,-0.08484848484848406
2022,Shivam Mavi,227,132,10.318181818181818,108,60,10.8,0.48181818181818237
2022,T Natarajan,406,258,9.44186046511628,133,90,8.866666666666667,-0.5751937984496127
2022,TA Boult,492,372,7.935483870967742,492,372,7.935483870967742,0.0
2022,TG Southee,275,210,7.857142857142857,56,48,7.0,-0.8571428571428568
2022,UT Yadav,339,288,7.0625,207,168,7.392857142857143,0.33035714285714324
2022,Umran Malik,444,295,9.030508474576271,191,132,8.681818181818182,-0.34869029275808927
2022,VG Arora,164,107,9.19626168224299,55,48,6.875,-2.321261682242991
2022,VR Aaron,52,30,10.4,52,30,10.4,0.0
2022,Washington Sundar,239,168,8.535714285714286,34,24,8.5,-0.035714285714286476
2022,YS Chahal,527,408,7.75,527,408,7.75,0.0
2022,Yash Dayal,296,192,9.25,296,192,9.25,0.0
2023,A Mishra,149,114,7.842105263157895,149,114,7.842105263157895,0.0
2023,A Zampa,188,132,8.545454545454545,162,108,9.0,0.45454545454545503
2023,AD Russell,172,91,11.340659340659341,39,19,12.31578947368421,0.9751301330248694
2023,AS Joseph,225,144,9.375,225,144,9.375,0.0
2023,Akash Deep,59,30,11.8,59,30,11.8,0.0
2023,Akash Madhwal,219,153,8.588235294117647,182,135,8.088888888888889,-0.4993464052287582
2023,Akash Singh,188,114,9.894736842105264,188,114,9.894736842105264,0.0
2023,Arshdeep Singh,493,305,9.698360655737705,400,245,9.795918367346939,0.09755771160923388
2023,Avesh Khan,283,174,9.758620689655173,283,174,9.758620689655173,0.0
2023,C Green,361,228,9.5,106,78,8.153846153846153,-1.3461538461538467
2023,CJ Jordan,237,132,10.772727272727273,237,132,10.772727272727273,0.0
2023,CV Varun,429,316,8.145569620253164,79,48,9.875,1.7294303797468356
2023,DJ Willey,105,90,7.0,16,24,4.0,-3.0
2023,DL Chahar,297,204,8.735294117647058,213,156,8.192307692307692,-0.5429864253393664
2023,GJ Maxwell,94,62,9.096774193548386,30,16,11.25,2.153225806451614
2023,HH Pandya,228,150,9.12,228,150,9.12,0.0
2023,HR Shokeen,187,114,9.842105263157896,38,24,9.5,-0.3421052631578956
2023,HV Patel,454,282,9.659574468085106,220,123,10.731707317073171,1.0721328489880655
2023,Harpreet Brar,218,163,8.024539877300613,149,121,7.3884297520661155,-0.6361101252344978
2023,J Little,294,204,8.647058823529411,294,204,8.647058823529411,0.0
2023,JC Archer,190,120,9.5,24,24,6.0,-3.5
2023,JD Unadkat,92,48,11.5,92,48,11.5,0.0
2023,JO Holder,284,171,9.964912280701755,284,171,9.964912280701755,0.0
2023,JP Behrendorff,387,252,9.214285714285714,188,132,8.545454545454545,-0.6688311688311686
2023,JR Hazlewood,76,54,8.444444444444445,61,36,10.166666666666666,1.7222222222222214
2023,K Gowtham,118,96,7.375,118,96,7.375,0.0
2023,K Kartikeya,227,156,8.73076923076923,126,78,9.692307692307692,0.9615384615384617
2023,K Rabada,232,138,10.08695652173913,156,96,9.75,-0.3369565217391308
2023,K Yadav,68,42,9.714285714285714,68,42,9.714285714285714,0.0
2023,KH Pandya,313,252,7.4523809523809526,313,252,7.4523809523809526,0.0
2023,KM Asif,138,84,9.857142857142858,138,84,9.857142857142858,0.0
2023,KR Mayers,59,42,8.428571428571429,59,42,8.428571428571429,0.0
2023,KV Sharma,223,129,10.372093023255815,136,78,10.461538461538462,0.08944543828264706
2023,LH Ferguson,96,46,12.521739130434781,56,22,15.272727272727273,2.750988142292492
2023,LS Livingstone,94,42,13.428571428571429,94,42,13.428571428571429,0.0
2023,M Pathirana,371,278,8.007194244604316,371,278,8.007194244604316,0.0
2023,M Theekshana,392,294,8.0,392,294,8.0,0.0
2023,MA Wood,130,96,8.125,130,96,8.125,0.0
2023,MG Bracewell,95,66,8.636363636363637,79,48,9.875,1.2386363636363633
2023,MJ Santner,81,72,6.75,28,24,7.0,0.25
2023,MM Ali,195,156,7.5,169,132,7.681818181818182,0.18181818181818166
2023,MM Sharma,361,265,8.173584905660379,361,265,8.173584905660379,0.0
2023,MP Stoinis,100,65,9.23076923076923,100,65,9.23076923076923,0.0
2023,Mohammed Shami,522,390,8.03076923076923,522,390,8.03076923076923,0.0
2023,Mohammed Siraj,375,300,7.5,173,126,8.238095238095237,0.7380952380952372
2023,Mohsin Khan,107,60,10.7,107,60,10.7,0.0
2023,NT Ellis,339,228,8.921052631578947,233,156,8.961538461538462,0.040485829959514774
2023,Naveen-ul-Haq,219,168,7.821428571428571,219,168,7.821428571428571,0.0
2023,Noor Ahmad,369,283,7.8233215547703185,369,283,7.8233215547703185,0.0
2023,PP Chawla,495,366,8.114754098360656,240,156,9.23076923076923,1.1160151324085739
2023,PWH de Silva,258,174,8.89655172413793,85,48,10.625,1.7284482758620694
2023,R Ashwin,368,294,7.510204081632653,368,294,7.510204081632653,0.0
2023,R Dhawan,60,42,8.571428571428571,50,36,8.333333333333334,-0.23809523809523725
2023,RA Jadeja,431,342,7.56140350877193,389,312,7.480769230769231,-0.08063427800269896
2023,RD Chahar,385,298,7.751677852348994,306,228,8.052631578947368,0.30095372659837416
2023,Rashid Khan,552,402,8.238805970149254,552,402,8.238805970149254,0.0
2023,Ravi Bishnoi,391,303,7.742574257425742,391,303,7.742574257425742,0.0
2023,SM Curran,489,287,10.222996515679442,389,227,10.281938325991188,0.05894181031174561
2023,SN Thakur,220,126,10.476190476190476,39,17,13.76470588235294,3.288515406162464
2023,SP Narine,383,288,7.979166666666667,69,42,9.857142857142858,1.8779761904761907
2023,SSB Magala,51,36,8.5,51,36,8.5,0.0
2023,Sandeep Sharma,396,276,8.608695652173912,350,252,8.333333333333334,-0.27536231884057827
2023,Shahbaz Ahmed,95,42,13.571428571428571,44,24,11.0,-2.571428571428571
2023,Sikandar Raza,119,72,9.916666666666666,116,66,10.545454545454545,0.6287878787878789
2023,Suyash Sharma,321,234,8.23076923076923,71,48,8.875,0.64423076923077
2023,TA Boult,312,228,8.210526315789474,277,204,8.147058823529411,-0.0634674922600631
2023,TU Deshpande,564,341,9.92375366568915,468,297,9.454545454545455,-0.4692082111436946
2023,UT Yadav,189,114,9.947368421052632,61,30,12.2,2.2526315789473674
2023,Vijaykumar Vyshak,253,144,10.541666666666666,77,42,11.0,0.4583333333333339
2023,WD Parnell,236,151,9.37748344370861,77,43,10.744186046511627,1.3667026028030183
2023,YS Chahal,432,317,8.176656151419557,392,293,8.027303754266212,-0.14935239715334525
2023,Yash Dayal,165,84,11.785714285714286,165,84,11.785714285714286,0.0
2023,Yash Thakur,289,191,9.078534031413612,289,191,9.078534031413612,0.0
2023,Yudhvir Singh,70,48,8.75,70,48,8.75,0.0
2024,AD Russell,295,176,10.056818181818182,295,176,10.056818181818182,0.0
2024,AR Patel,337,264,7.659090909090909,93,60,9.3,1.6409090909090915
2024,AS Roy,60,34,10.588235294117647,60,34,10.588235294117647,0.0
2024,Abhishek Sharma,51,42,7.285714285714286,44,36,7.333333333333333,0.04761904761904745
2024,Arshad Khan,90,49,11.020408163265307,79,37,12.81081081081081,1.7904026475455037
2024,Arshdeep Singh,505,302,10.033112582781456,98,62,9.483870967741934,-0.5492416150395218
2024,Avesh Khan,526,329,9.592705167173252,526,329,9.592705167173252,0.0
2024,Azmatullah Omarzai,186,126,8.857142857142858,122,78,9.384615384615385,0.5274725274725274
2024,B Kumar,533,342,9.350877192982455,374,246,9.121951219512194,-0.2289259734702611
2024,C Green,303,211,8.61611374407583,32,18,10.666666666666666,2.0505529225908354
2024,CV Varun,402,300,8.04,402,300,8.04,0.0
2024,DJ Mitchell,70,36,11.666666666666666,70,36,11.666666666666666,0.0
2024,DL Chahar,202,141,8.595744680851064,180,123,8.78048780487805,0.18474312402698523
2024,GJ Maxwell,129,96,8.0625,23,24,5.75,-2.3125
2024,HV Patel,477,294,9.73469387755102,137,72,11.416666666666666,1.6819727891156457
2024,Harpreet Brar,303,228,7.973684210526316,41,54,4.555555555555555,-3.4181286549707606
2024,Harshit Rana,383,253,9.08300395256917,383,253,9.08300395256917,0.0
2024,I Sharma,265,162,9.814814814814815,65,42,9.285714285714286,-0.5291005291005284
2024,JD Unadkat,319,187,10.235294117647058,210,120,10.5,0.264705882352942
2024,K Rabada,372,252,8.857142857142858,97,72,8.083333333333334,-0.7738095238095237
2024,KA Maharaj,39,36,6.5,39,36,6.5,0.0
2024,KH Pandya,255,198,7.7272727272727275,181,132,8.227272727272727,0.4999999999999991
2024,KK Ahmed,479,300,9.58,126,78,9.692307692307692,0.11230769230769155
2024,KR Sen,122,72,10.166666666666666,122,72,10.166666666666666,0.0
2024,Kuldeep Yadav,372,258,8.651162790697674,166,90,11.066666666666666,2.4155038759689926
2024,LB Williams,72,36,12.0,72,36,12.0,0.0
2024,M Jansen,129,60,12.9,89,42,12.714285714285714,-0.18571428571428683
2024,M Markande,259,132,11.772727272727273,114,54,12.666666666666666,0.8939393939393927
2024,M Pathirana,169,132,7.681818181818182,152,120,7.6,-0.08181818181818201
2024,M Siddharth,71,54,7.888888888888889,50,42,7.142857142857143,-0.746031746031746
2024,M Theekshana,144,120,7.2,144,120,7.2,0.0
2024,MA Starc,444,251,10.613545816733067,444,251,10.613545816733067,0.0
2024,MJ Henry,110,72,9.166666666666666,86,60,8.6,-0.5666666666666664
2024,MJ Santner,64,54,7.111111111111111,64,54,7.111111111111111,0.0
2024,MM Ali,71,48,8.875,71,48,8.875,0.0
2024,MM Sharma,425,234,10.897435897435898,165,114,8.68421052631579,-2.2132253711201084
2024,MP Stoinis,126,84,9.0,126,84,9.0,0.0
2024,MP Yadav,85,73,6.986301369863014,58,49,7.102040816326531,0.1157394464635173
2024,Mayank Dagar,120,71,10.140845070422534,46,29,9.517241379310345,-0.6236036911121889
2024,Mohammed Siraj,496,324,9.185185185185185,93,42,13.285714285714286,4.100529100529101
2024,Mohsin Khan,385,228,10.131578947368421,261,156,10.038461538461538,-0.09311740890688291
2024,Mukesh Kumar,368,213,10.366197183098592,115,66,10.454545454545455,0.08834827144686308
2024,Mustafizur Rahman,318,206,9.262135922330096,299,189,9.492063492063492,0.22992756973339645
2024,N Burger,145,102,8.529411764705882,145,102,8.529411764705882,0.0
2024,Naveen-ul-Haq,372,219,10.191780821917808,238,147,9.714285714285714,-0.4774951076320946
2024,Nithish Kumar Reddy,153,79,11.620253164556962,153,79,11.620253164556962,0.0
2024,Noor Ahmad,290,209,8.32535885167464,86,72,7.166666666666667,-1.1586921850079728
2024,PJ Cummins,566,366,9.278688524590164,442,270,9.822222222222223,0.5435336976320588
2024,R Ashwin,467,330,8.49090909090909,467,330,8.49090909090909,0.0
2024,R Sai Kishore,137,90,9.133333333333333,52,42,7.428571428571429,-1.704761904761904
2024,RA Jadeja,369,282,7.851063829787234,347,258,8.069767441860465,0.21870361207323086
2024,RD Chahar,279,186,9.0,91,48,11.375,2.375
2024,RJ Gleeson,71,47,9.063829787234043,71,47,9.063829787234043,0.0
2024,RJW Topley,168,90,11.2,39,24,9.75,-1.4499999999999993
2024,Rashid Khan,367,262,8.404580152671755,173,120,8.65,0.24541984732824496
2024,Rasikh Salam,269,147,10.979591836734693,117,75,9.36,-1.6195918367346938
2024,Ravi Bishnoi,383,262,8.770992366412214,283,196,8.66326530612245,-0.10772706028976486
2024,SH Johnson,151,96,9.4375,92,60,9.2,-0.2375000000000007
2024,SM Curran,416,246,10.146341463414634,68,48,8.5,-1.6463414634146343
2024,SN Thakur,309,190,9.757894736842104,282,166,10.192771084337348,0.4348763474952442
2024,SP Narine,368,330,6.6909090909090905,368,330,6.6909090909090905,0.0
2024,Sandeep Sharma,311,228,8.18421052631579,311,228,8.18421052631579,0.0
2024,Shahbaz Ahmed,270,165,9.818181818181818,186,123,9.073170731707316,-0.7450110864745021
2024,Simarjeet Singh,121,72,10.083333333333334,121,72,10.083333333333334,0.0
2024,T Natarajan,465,308,9.058441558441558,394,260,9.092307692307692,0.03386613386613391
2024,TA Boult,443,320,8.30625,443,320,8.30625,0.0
2024,TU Deshpande,424,288,8.833333333333334,397,270,8.822222222222223,-0.011111111111111072
2024,UT Yadav,210,126,10.0,143,84,10.214285714285714,0.21428571428571352
2024,V Viyaskanth,86,60,8.6,86,60,8.6,0.0
2024,VG Arora,276,180,9.2,276,180,9.2,0.0
2024,Vijaykumar Vyshak,142,87,9.793103448275861,23,24,5.75,-4.043103448275861
2024,YS Chahal,546,348,9.413793103448276,546,348,9.413793103448276,0.0
2024,Yash Dayal,459,301,9.149501661129568,70,48,8.75,-0.39950166112956786
2024,Yash Thakur,402,213,11.32394366197183,359,195,11.046153846153846,-0.2777898158179841
2025,A Zampa,94,48,11.75,94,48,11.75,0.0
2025,AD Russell,217,109,11.944954128440367,88,39,13.538461538461538,1.5935074100211715
2025,AK Markram,102,66,9.272727272727273,88,60,8.8,-0.47272727272727266
2025,AR Patel,313,216,8.694444444444445,313,216,8.694444444444445,0.0
2025,Abhishek Sharma,112,66,10.181818181818182,64,42,9.142857142857142,-1.0389610389610393
2025,Akash Deep,229,114,12.052631578947368,101,48,12.625,0.5723684210526319
2025,Arshad Khan,217,126,10.333333333333334,196,120,9.8,-0.5333333333333332
2025,Arshdeep Singh,518,350,8.879999999999999,518,350,8.879999999999999,0.0
2025,Ashwani Kumar,232,123,11.317073170731707,127,75,10.16,-1.1570731707317066
2025,Avesh Khan,487,284,10.288732394366196,207,135,9.2,-1.0887323943661968
2025,Azmatullah Omarzai,279,162,10.333333333333334,279,162,10.333333333333334,0.0
2025,B Kumar,483,312,9.288461538461538,483,312,9.288461538461538,0.0
2025,C Bosch,55,42,7.857142857142857,55,42,7.857142857142857,0.0
2025,CV Varun,383,300,7.66,65,66,5.909090909090909,-1.750909090909091
2025,DL Chahar,376,246,9.170731707317072,133,84,9.5,0.32926829268292757
2025,DS Rathi,429,312,8.25,188,144,7.833333333333333,-0.41666666666666696
2025,G Coetzee,131,72,10.916666666666666,131,72,10.916666666666666,0.0
2025,GJ Maxwell,110,78,8.461538461538462,110,78,8.461538461538462,0.0
2025,HH Pandya,342,210,9.771428571428572,115,60,11.5,1.7285714285714278
2025,HV Patel,430,263,9.809885931558934,122,78,9.384615384615385,-0.4252705469435494
2025,Harpreet Brar,190,132,8.636363636363637,190,132,8.636363636363637,0.0
2025,Harshit Rana,448,264,10.181818181818182,94,54,10.444444444444445,0.262626262626263
2025,I Sharma,205,110,11.181818181818182,188,98,11.510204081632654,0.32838589981447264
2025,JJ Bumrah,316,284,6.676056338028169,158,164,5.7804878048780495,-0.8955685331501195
2025,JR Hazlewood,386,264,8.772727272727273,386,264,8.772727272727273,0.0
2025,K Rabada,162,84,11.571428571428571,79,36,13.166666666666666,1.595238095238095
2025,KA Jamieson,147,90,9.8,147,90,9.8,0.0
2025,KH Pandya,379,276,8.23913043478261,379,276,8.23913043478261,0.0
2025,KK Ahmed,447,280,9.57857142857143,95,72,7.916666666666667,-1.6619047619047622
2025,KV Sharma,128,90,8.533333333333333,92,66,8.363636363636363,-0.1696969696969699
2025,Kuldeep Yadav,390,318,7.3584905660377355,390,318,7.3584905660377355,0.0
2025,L Ngidi,81,48,10.125,81,48,10.125,0.0
2025,LH Ferguson,104,68,9.176470588235293,104,68,9.176470588235293,0.0
2025,LS Livingstone,76,54,8.444444444444445,76,54,8.444444444444445,0.0
2025,M Jansen,434,283,9.201413427561837,434,283,9.201413427561837,0.0
2025,M Pathirana,424,251,10.135458167330677,64,48,8.0,-2.135458167330677
2025,M Prasidh Krishna,488,354,8.271186440677965,429,312,8.25,-0.02118644067796538
2025,MA Starc,389,228,10.236842105263158,389,228,10.236842105263158,0.0
2025,MJ Santner,313,237,7.924050632911392,77,66,7.0,-0.924050632911392
2025,MM Sharma,257,150,10.28,257,150,10.28,0.0
2025,MP Stoinis,175,85,12.352941176470589,175,85,12.352941176470589,0.0
2025,MP Yadav,100,48,12.5,40,24,10.0,-2.5
2025,Mohammed Shami,337,180,11.233333333333333,130,78,10.0,-1.2333333333333325
2025,Mohammed Siraj,527,342,9.24561403508772,439,294,8.959183673469388,-0.286430361618331
2025,Mukesh Kumar,408,237,10.329113924050633,408,237,10.329113924050633,0.0
2025,Mustafizur Rahman,87,66,7.909090909090909,87,66,7.909090909090909,0.0
2025,Noor Ahmad,408,300,8.16,82,72,6.833333333333333,-1.326666666666667
2025,PJ Cummins,450,298,9.060402684563758,160,78,12.307692307692308,3.24728962312855
2025,PVD Chameera,198,102,11.647058823529411,198,102,11.647058823529411,0.0
2025,Prince Yadav,225,137,9.854014598540147,106,65,9.784615384615384,-0.069399213924763
2025,R Ashwin,283,186,9.129032258064516,99,60,9.9,0.7709677419354843
2025,R Sai Kishore,393,255,9.24705882352941,326,207,9.44927536231884,0.20221653878942902
2025,R Shepherd,151,84,10.785714285714286,151,84,10.785714285714286,0.0
2025,RA Jadeja,324,227,8.563876651982378,68,48,8.5,-0.06387665198237791
2025,Rashid Khan,514,330,9.345454545454546,456,294,9.306122448979592,-0.03933209647495417
2025,Rasikh Salam,70,36,11.666666666666666,70,36,11.666666666666666,0.0
2025,Ravi Bishnoi,401,222,10.837837837837839,197,126,9.380952380952381,-1.4568854568854572
2025,SH Johnson,133,68,11.735294117647058,60,30,12.0,0.264705882352942
2025,SM Curran,133,72,11.083333333333334,47,24,11.75,0.6666666666666661
2025,SN Thakur,375,204,11.029411764705882,204,102,12.0,0.9705882352941178
2025,SP Narine,351,270,7.8,100,60,10.0,2.2
2025,Simarjeet Singh,141,60,14.1,121,54,13.444444444444445,-0.655555555555555
2025,Suyash Sharma,442,300,8.84,442,300,8.84,0.0
2025,TA Boult,517,346,8.965317919075146,229,154,8.922077922077921,-0.04323999699722414
2025,V Nigam,356,234,9.128205128205128,356,234,9.128205128205128,0.0
2025,VG Arora,430,255,10.117647058823529,64,48,8.0,-2.117647058823529
2025,Vijaykumar Vyshak,181,102,10.647058823529411,181,102,10.647058823529411,0.0
2025,WG Jacks,120,84,8.571428571428571,60,30,12.0,3.428571428571429
2025,Washington Sundar,111,65,10.246153846153845,111,65,10.246153846153845,0.0
2025,XC Bartlett,96,60,9.6,96,60,9.6,0.0
2025,YS Chahal,430,270,9.555555555555555,430,270,9.555555555555555,0.0
2025,Yash Dayal,470,294,9.591836734693878,470,294,9.591836734693878,0.0
2025,Yash Thakur,79,39,12.153846153846153,79,39,12.153846153846153,0.0
2025,Zeeshan Ansari,333,203,9.842364532019705,67,42,9.571428571428571,-0.27093596059113345
